15.01.2012,customer,69,4,,1026,3488.4,64126,
15.01.2012,customer,81,5,,67.5,229.5,1000,
15.01.2012,customer,94,3,,282.6,960.84,20000,
15.01.2012,customer,162,1,,261,887.4,20208,
15.01.2012,customer,162,2,,671,2281.4,21699,
21.01.2012,customer,27,14,,367.65,1250.01,73817,
21.01.2012,customer,41,16,,234,795.6,17159,
21.01.2012,customer,82,12,,544.5,1851.3,1500,
21.01.2012,customer,82,13,,360,1224,2300,
21.01.2012,customer,103,15,,795.6,2705.04,64754,
21.01.2012,customer,134,6,,1108.8,3769.92,17140,
21.01.2012,customer,163,11,,200.25,680.85,23280,
11.02.2012,customer,27,23,,284.63,967.74,29,
11.02.2012,customer,27,24,,112.5,382.5,250,
11.02.2012,customer,48,25,,637.2,2166.48,18176,
18.02.2012,customer,94,30,,249.75,849.15,20555,
18.02.2012,customer,103,31,,1100.25,3740.85,67199,
19.02.2012,customer,68,36,,90,306,3300,
19.02.2012,customer,69,34,,1602,5446.8,67686,
19.02.2012,customer,96,35,,1000,3400,42113,
19.02.2012,customer,163,33,,200.25,680.85,23725,
22.02.2012,customer,96,18,,900,3060,39891,
25.02.2012,customer,134,37,,1500,5100,20473,
26.02.2012,customer,132,41,,120,408,10158,
26.02.2012,customer,163,42,,238.5,810.9,24255,
26.02.2012,customer,163�,43,,90,306,239,
04.03.2012,customer,41,46,,247.5,841.5,17709,
10.03.2012,customer,102,47,,49.5,168.3,139,
11.03.2012,customer,55,54,,212.85,723.69,3479,
17.03.2012,customer,27,58,,358.65,1219.41,1047,
17.03.2012,customer,48,60,,630,2142,19576,
17.03.2012,customer,94,61,,450,1530,21555,
17.03.2012,customer,101,59,,60.75,206.55,3423,
24.03.2012,customer,103,66,,999.9,3399.66,69421,
25.03.2012,customer,69,78,,832.5,2830.5,69536,
25.03.2012,customer,96,73,,699.75,2379.15,43668,
25.03.2012,customer,121,74,,122.85,417.69,2780,
25.03.2012,customer,134,70,,920,3128,22517,
25.03.2012,customer,162,69,,740,2516,23343,
25.03.2012,customer,163,72,,180,612,24655,
25.03.2012,customer,163�,71,,45,153,339,
31.03.2012,customer,41,80,,306,1040.4,18389,
07.04.2012,customer,92,84,,135,459,2070,
08.04.2012,customer,80,89,,530.1,1802.34,1178,
11.04.2012,customer,115,91,,121.5,413.1,2360,
18.04.2012,customer,27,95,,382.5,1300.5,1897,
18.04.2012,customer,73,97,,211.05,717.57,3969,
18.04.2012,customer,94,94,,360,1224,22355,
21.04.2012,customer,69,104,,735.75,2501.55,71171,
21.04.2012,customer,96,99,,612.45,2082.33,45029,
21.04.2012,customer,103,100,,700,2380,70976,
21.04.2012,customer,134,105,,818.55,2783.07,24336,
21.04.2012,customer,163�,103,,200.25,680.85,784,
25.04.2012,customer,46,107,,13.5,45.9,31,
28.04.2012,customer,41,109,,189,642.6,18809,
29.04.2012,customer,91,117,,126,428.4,615,
29.04.2012,customer,93,114,,226,768.4,6251,
29.04.2012,customer,162,115,,80,272,23520,
06.05.2012,customer,67,125,,264.15,898.11,2195,
06.05.2012,customer,104,123,,99,336.6,2150,
06.05.2012,customer,159,129,,202.5,688.5,5000,
12.05.2012,customer,81,131,,45,153,1100,
13.05.2012,customer,89,136,,22.5,76.5,11327,
16.05.2012,customer,115,141,,58.5,198.9,2490,
19.05.2012,customer,23,144,,22.5,76.5,2734,
19.05.2012,customer,27,142,,191.25,650.25,2322,
19.05.2012,customer,94,145,,112.5,382.5,22605,
19.05.2012,customer,109,147,,28.8,97.92,1444,
20.05.2012,customer,38,160,,446.4,1517.76,1058,
20.05.2012,customer,41,153,,112.5,382.5,19059,
20.05.2012,customer,48,157,,305.55,1038.87,20255,
20.05.2012,customer,67,159,,81,275.4,2375,
20.05.2012,customer,73,152,,78.3,266.22,4143,
20.05.2012,customer,103,156,,561.15,1907.91,72223,
20.05.2012,customer,121,163,,45,153,2880,
20.05.2012,customer,134,155,,110.25,374.85,24581,
23.05.2012,customer,61,171,,9,30.6,1105,
23.05.2012,customer,69,166,,400.05,1360.17,72060,
23.05.2012,customer,158,167,,58.5,198.9,1635,
26.05.2012,customer,82,174,,450,1530,3300,
26.05.2012,customer,96,175,,350.1,1190.34,45807,
26.05.2012,customer,156,179,,45,153,1880,
27.05.2012,customer,102,182,,7.65,26.01,147,26
09.06.2012,customer,59,192,,27.9,94.86,62,
09.06.2012,customer,96,196,,131.85,448.29,46100,
09.06.2012,customer,101,191,,123.3,419.22,3697,
09.06.2012,customer,132,197,,49.5,168.3,10268,
10.06.2012,customer,7,203,,135,459,550,
10.06.2012,customer,81,205,,45,153,1200,
10.06.2012,customer,104,215,,45,153,2250,
10.06.2012,customer,137,209,,22.5,76.5,150,
10.06.2012,customer,163,213,,145.8,495.72,24979,
10.06.2012,customer,163�,212,,103.95,353.43,1015,
13.06.2012,customer,1,225,,321.3,1092.42,788,
13.06.2012,customer,79,224,,237.6,807.84,7328,
13.06.2012,customer,90,217,,13.5,45.9,30,
13.06.2012,customer,100,221,,540,1836,7000,
13.06.2012,customer,118,219,,67.5,229.5,1690,
16.06.2012,customer,126,228,,112.5,382.5,1350,
17.06.2012,customer,27,237,,250.65,852.21,2879,
17.06.2012,customer,106,233,,15.3,52.02,2710,
17.06.2012,customer,109,239,,53.55,182.07,1563,
20.06.2012,customer,23,253,,63,214.2,2874,
20.06.2012,customer,69,246,,1499.85,5099.49,75393,
20.06.2012,customer,70,245,,45,153,9800,
20.06.2012,customer,75,258,,317.25,1078.65,6773,
20.06.2012,customer,94,248,,90,306,22805,
20.06.2012,customer,103,249,,153,520.2,72563,
20.06.2012,customer,115,243,,67.5,229.5,2640,
20.06.2012,customer,134,251,,172.35,585.99,24964,
20.06.2012,customer,163,254,,189.45,644.13,25400,
23.06.2012,customer,1,266,,158.4,538.56,1140,
23.06.2012,customer,15.16,267,,61.2,208.08,10040,
23.06.2012,customer,19,263,,199.35,677.79,7830,
23.06.2012,customer,21,262,,429.3,1459.62,19839,
23.06.2012,customer,41,260,,180,612,19459,
23.06.2012,customer,73,265,,45.9,156.06,4245,
27.06.2012,customer,96,269,,249.75,849.15,46655,
30.06.2012,customer,3,274,,396,1346.4,3888,
30.06.2012,customer,92,279,,135,459,2370,
30.06.2012,customer,129,277,,261,887.4,880,
01.07.2012,customer,2,291,,9,30.6,51,
01.07.2012,customer,20,299,,450,1530,2800,
01.07.2012,customer,29,294,,45,153,4188,
01.07.2012,customer,88,284,,6,20.4,77,
01.07.2012,customer,162,289,,315,1071,24218,
04.07.2012,customer,77,305,,52,176.8,3220,
04.07.2012,customer,154,301,,160,544,1800,
07.07.2012,customer,24,310,,41.4,140.76,3382,
07.07.2012,customer,117,307,,8,27.2,304,
08.07.2012,customer,34.35,315,,56.25,191.25,360,
08.07.2012,customer,121,313,,90,306,3105,
08.07.2012,customer,132,316,,50,170,10393,
14.07.2012,customer,156,321,,67.5,229.5,2030,
15.07.2012,customer,48,325,,149.2,507.28,20628,
15.07.2012,customer,67,332,,302.4,1028.16,3047,
15.07.2012,customer,94,333,,120,408,23105,
15.07.2012,customer,102,334,,55.35,188.19,149,
15.07.2012,customer,109,326,,38.4,130.56,1659,
15.07.2012,customer,115,324,,64,217.6,2800,
15.07.2012,customer,158,329,,32.8,111.52,1717,
18.07.2012,customer,23,344,,92,312.8,3104,
18.07.2012,customer,41,341,,212,720.8,19989,
18.07.2012,customer,114,347,,106.8,363.12,1614,
18.07.2012,customer,64�,350,,80,272,1000,
21.07.2012,customer,8.9,357,,40,136,580,
21.07.2012,customer,27,359,,280.4,953.36,3580,
21.07.2012,customer,69,363,,1126.8,3831.12,78210,
21.07.2012,customer,70,362,,257.6,875.84,10444,
21.07.2012,customer,71,368,,60,204,3100,
21.07.2012,customer,73,352,,33.6,114.24,4329,
21.07.2012,customer,96,356,,200,680,47155,
21.07.2012,customer,105,366,,99.2,337.28,,
21.07.2012,customer,134,353,,127.6,433.84,25283,
22.07.2012,customer,17,375,,40,136,101,
22.07.2012,customer,59,384,,147.2,500.48,430,
22.07.2012,customer,61,372,,48,163.2,1225,
22.07.2012,customer,101,382,,164,557.6,4107,
22.07.2012,customer,103,377,,200,680,73063,
22.07.2012,customer,160,374,,19.6,66.64,310,
22.07.2012,customer,163,381,,108,367.2,25670,
22.07.2012,customer,163�,380,,50.4,171.36,1141,
28.07.2012,customer,50.51,389,,8,27.2,20,
28.07.2012,customer,100,388,,500,1700,8250,
28.07.2012,customer,132,386,,92,312.8,10623,
28.07.2012,customer,144,394,,90,306,400,
28.07.2012,customer,156,393,,60,204,2180,
29.07.2012,customer,15.16,413,,200,680,10540,
29.07.2012,customer,21,397,,356.4,1211.76,20730,
29.07.2012,customer,34.35,402,,80,272,560,
29.07.2012,customer,58,396,,440.1,1496.34,2330,
29.07.2012,customer,62,401,,60,204,280,
29.07.2012,customer,71,414,,62.8,213.52,3257,
29.07.2012,customer,81,410,,60,204,1350,
29.07.2012,customer,85,406,,614.25,2088.45,2878,
29.07.2012,customer,159,412,,156,530.4,5540,
01.08.2012,customer,19,419,,400,1360,8830,
01.08.2012,customer,29,420,,106,360.4,4453,
01.08.2012,customer,86,418,,34,115.6,1266,
04.08.2012,customer,104,426,,96,326.4,2490,
05.08.2012,customer,7,427,,172,584.8,980,
11.08.2012,customer,77,431,,104,353.6,3480,
11.08.2012,customer,105,429,,124,421.6,2386,
12.08.2012,customer,94,437,,400,1360,24105,
12.08.2012,customer,102,435,,72,244.8,329,
12.08.2012,customer,128,439,,19.2,65.28,1950,
18.08.2012,customer,27,450,,316.8,1077.12,4372,
18.08.2012,customer,41,461,,200,680,20489,
18.08.2012,customer,67,459,,251.6,855.44,3676,
18.08.2012,customer,68,457,,400,1360,4300,
18.08.2012,customer,73,453,,48.4,164.56,4450,
18.08.2012,customer,79,473,,620.4,2109.36,8880,
18.08.2012,customer,109,465,,118.4,402.56,1955,
18.08.2012,customer,117,456,,15.2,51.68,342,
18.08.2012,customer,156,448,,60,204,2330,
18.08.2012,customer,163,469,,108,367.2,25940,
18.08.2012,customer,163�,468,,100,340,1391,
19.08.2012,customer,48,479,,92.8,315.52,20860,
19.08.2012,customer,69,482,,507.6,1725.84,79479,
19.08.2012,customer,70,481,,355.2,1207.68,11332,
19.08.2012,customer,71,485,,76,258.4,3447,
19.08.2012,customer,100,475,,100,340,8500,
19.08.2012,customer,132,477,,28,95.2,10693,
19.08.2012,customer,143,483,,1458,4957.2,,
19.08.2012,customer,159,487,,128,435.2,5860,
19.08.2012,customer,162,489,,1060.8,3606.72,26870,
22.08.2012,customer,21,503,,502.8,1709.52,21987,
22.08.2012,customer,61,493,,81.2,276.08,1428,
22.08.2012,customer,96,500,,200,680,47655,
22.08.2012,customer,103,498,,200,680,73563,
22.08.2012,customer,115,491,,104,353.6,3060,
22.08.2012,customer,134,504,,274.4,932.96,25969,
22.08.2012,customer,151,495,,659.2,2241.28,17637,
25.08.2012,customer,15.16,505,,428,1455.2,11610,
25.08.2012,customer,19,514,,200,680,9330,
25.08.2012,customer,37,512,,160.4,545.36,2232,
25.08.2012,customer,59,507,,96,326.4,670,
25.08.2012,customer,85,515,,104.8,356.32,3140,
25.08.2012,customer,101,508,,147.2,500.48,4475,
26.08.2012,customer,17,518,,60,204,251,
26.08.2012,customer,92,521,,240,816,2970,
26.08.2012,customer,105,523,,60,204,2536,
29.08.2012,customer,23,524,,200,680,3604,
29.08.2012,customer,82,532,,400,1360,4300,
29.08.2012,customer,91,528,,56,190.4,755,
29.08.2012,customer,121,530,,258,877.2,3750,
01.09.2012,customer,71,536,,100,340,3697,
01.09.2012,customer,104,537,,62.8,213.52,2647,
01.09.2012,customer,119,533,,6.8,23.12,28,
02.09.2012,customer,87,545,,282.8,961.52,1227,
02.09.2012,customer,112,539,,276,938.4,926,
02.09.2012,customer,118,542,,120,408,1990,
05.09.2012,customer,58,547,,302.4,1028.16,3086,
05.09.2012,customer,93,548,,394.4,1340.96,7484,
08.09.2012,customer,2,554,,28,95.2,121,
09.09.2012,customer,28,558,,20,68,156,
09.09.2012,customer,55,561,,276.8,941.12,4171,
09.09.2012,customer,115,560,,52,176.8,3190,
16.09.2012,customer,27,569,,284,965.6,5082,
16.09.2012,customer,47,572,,4.4,14.96,540,
16.09.2012,customer,67,585,,193.6,658.24,4160,
16.09.2012,customer,70,590,,282,958.8,12037,
16.09.2012,customer,71,574,,100,340,3947,
16.09.2012,customer,73,577,,33.6,114.24,4534,
16.09.2012,customer,99,580,,100,340,2375,
16.09.2012,customer,102,575,,68,231.2,499,
16.09.2012,customer,134,568,,120.4,409.36,26270,
16.09.2012,customer,153,586,,26.8,91.12,497,
16.09.2012,customer,154,583,,160,544,2200,
19.09.2012,customer,34.35,595,,145.6,495.04,00650;00924,
19.09.2012,customer,163,593,,92,312.8,26170,
19.09.2012,customer,163�,592,,108,367.2,1661,
22.09.2012,customer,15.16,603,,178,605.2,12055,
22.09.2012,customer,23,600,,76,258.4,3794,
22.09.2012,customer,77,597,,64,217.6,3640,
22.09.2012,customer,103,605,,160,544,73963,
22.09.2012,customer,116,599,,67.6,229.84,983,
22.09.2012,customer,117,607,,27.2,92.48,410,
23.09.2012,customer,41,609,,128,435.2,20809,
26.09.2012,customer,94,612,,200,680,24605,
26.09.2012,customer,96,613,,250,850,48280,
29.09.2012,customer,72,620,,32.8,111.52,260,
29.09.2012,customer,75,624,,240,816,7373,
29.09.2012,customer,88,614,,12.8,43.52,109,
29.09.2012,customer,106,618,,420,1428,3760,
30.09.2012,customer,8.9,627,,4.8,16.32,592,
30.09.2012,customer,20,628,,978,3325.2,5245,
30.09.2012,customer,104,630,,52,176.8,2777,
03.10.2012,customer,69,632,,200,680,79979,
06.10.2012,customer,89,635,,37.6,127.84,107,
06.10.2012,customer,92,636,,120,408,3270,
06.10.2012,customer,132,633,,40,136,10793,
07.10.2012,customer,114,639,,110.4,375.36,1890,
13.10.2012,customer,27,642,,259.2,881.28,5730,
14.10.2012,customer,26,648,,56,190.4,440,
14.10.2012,customer,109,651,,43.6,148.24,2064,
14.10.2012,customer,115,645,,68,231.2,3360,
17.10.2012,customer,25,653,,46.4,157.76,150,
17.10.2012,customer,67,658,,172.8,587.52,4592,
17.10.2012,customer,108,656,,80,272,967,
17.10.2012,customer,162,659,,40,136,26970,
17.10.2012,customer,162,660,,10,34,26995,
20.10.2012,customer,15.16,662,,71.6,243.44,12234,
20.10.2012,customer,41,665,,136,462.4,21149,
20.10.2012,customer,70,661,,141.2,480.08,12390,
20.10.2012,customer,129,666,,40,136,970,
20.10.2012,customer,134,668,,199.2,677.28,26768,
21.10.2012,customer,158,671,,22,74.8,1772,
24.10.2012,customer,19,674,,191.2,650.08,9808,
24.10.2012,customer,23,680,,56,190.4,3934,
24.10.2012,customer,69,681,,400,1360,80979,
24.10.2012,customer,94,673,,200,680,25105,
27.10.2012,customer,48,685,,68.4,232.56,21031,
27.10.2012,customer,61,688,,37.2,126.48,1521,
27.10.2012,customer,73,696,,58.4,198.56,4680,
27.10.2012,customer,96,690,,300,1020,49030,
27.10.2012,customer,103,694,,200,680,74487,
27.10.2012,customer,107,683,,183.2,622.88,1816,
31.10.2012,customer,1,700,,264,897.6,1800,
10.11.2012,customer,132,704,,52,176.8,10923,
11.11.2012,customer,2,712,,10.8,36.72,148,
11.11.2012,customer,84,707,,26,88.4,300,
17.11.2012,customer,27,716,,360,1224,6630,
17.11.2012,customer,46,717,,28,95.2,101,
17.11.2012,customer,57,718,,107.6,365.84,650,
17.11.2012,customer,81,715,,120,408,1650,
17.11.2012,customer,115,720,,40,136,3460,
17.11.2012,customer,162,713,,450,1530,28120,
18.11.2012,customer,3,722,,321.2,1092.08,4691,
18.11.2012,customer,23,725,,64,217.6,4094,
18.11.2012,customer,103,723,,300.4,1021.36,75238,
18.11.2012,customer,134,721,,264.8,900.32,27430,
24.11.2012,customer,7,726,,400,1360,1980,
24.11.2012,customer,96,732,,400,1360,50030,
24.11.2012,customer,163,730,,80,272,26370,
24.11.2012,customer,163�,731,,80,272,1861,
25.11.2012,customer,41,735,,240,816,21749,
25.11.2012,customer,69,737,,400,1360,81979,
25.11.2012,customer,73,734,,100,340,4930,
25.11.2012,customer,94,736,,200,680,25605,
01.12.2012,customer,15.16,743,,202.4,688.16,12740,
01.12.2012,customer,67,741,,95.2,323.68,4830,
01.12.2012,customer,102,745,,113.2,384.88,782,
15.12.2012,customer,27,748,,297.6,1011.84,7374,
15.12.2012,customer,162,747,,76,258.4,28310,
15.12.2012,customer,163,750,,150,510,26745,
15.12.2012,customer,163�,749,,50,170,1986,
16.12.2012,customer,41,755,,200,680,22249,
16.12.2012,customer,71,754,,100,340,4197,
22.12.2012,customer,69,758,,700,2380,83729,
22.12.2012,customer,93,759,,294.4,1000.96,8220,
22.12.2012,customer,103,760,,480,1632,76438,
23.12.2012,customer,94,763,,200,680,26105,
23.12.2012,customer,134,762,,550,1870,28805,
19.01.2013,customer,96,3,,1388,4719.2,53500,
20.01.2013,customer,41,4,,120,408,22549,
20.01.2013,customer,48,5,,526.4,1789.76,22347,
20.01.2013,customer,103,7,,800,2720,78438,
20.01.2013,customer,134,6,,1100,3740,31555,
26.01.2013,customer,15.16,11,,40,136,12840,
26.01.2013,customer,27,8,,400,1360,8374,
26.01.2013,customer,69,13,,710,2414,85504,
26.01.2013,customer,94,9,,200,680,26605,
26.01.2013,customer,104,12,,60,204,2927,
27.01.2013,customer,61,15,,12.8,43.52,1553,
27.01.2013,customer,163,14,,100,340,26995,
02.02.2013,customer,80,23,,262,890.8,1833,
02.02.2013,customer,123.124,21,,132,448.8,1810,
09.02.2013,customer,92,29,,120,408,3570,
09.02.2013,customer,132,27,,142,482.8,11278,
16.02.2013,customer,23,32,,36,122.4,4184,
17.02.2013,customer,27,34,,300,1020,9124,
17.02.2013,customer,103,35,,500,1700,79688,
17.02.2013,customer,134,33,,971,3301.4,33982,
23.02.2013,customer,41,37,,120,408,22849,
23.02.2013,customer,69,36,,692.4,2354.16,87235,
23.02.2013,customer,96,38,,600,2040,55000,
24.02.2013,customer,94,39,,280,952,27305,
24.02.2013,customer,138,40,,488,1659.2,32078,
02.03.2013,customer,38,41,,1614.8,5490.32,5095,
02.03.2013,customer,48,42,,234,795.6,22933,
09.03.2013,customer,15.16,47,,80,272,13040,
09.03.2013,customer,132,48,,48,163.2,123,
16.03.2013,customer,81,50,,60,204,1800,
17.03.2013,customer,27,51,,300,1020,9874,
17.03.2013,customer,103,54,,500,1700,80938,
17.03.2013,customer,134,53,,781.2,2656.08,35935,
24.03.2013,customer,14,62,,100.8,342.72,252,
24.03.2013,customer,41,60,,120,408,23149,
24.03.2013,customer,69,59,,608,2067.2,88755,
24.03.2013,customer,82,58,,560,1904,5700,
30.03.2013,customer,94,67,,400,1360,28305,
31.03.2013,customer,96,70,,600,2040,56500,
31.03.2013,customer,102,73,,23.2,78.88,840,
06.04.2013,customer,159,74,,176,598.4,6300,
07.04.2013,customer,91,77,,176.8,601.12,1197,
07.04.2013,customer,132,76,,40,136,223,
13.04.2013,customer,15.16,79,,204,693.6,13550,
13.04.2013,customer,162,81,,778,2645.2,30255,
14.04.2013,customer,67,84,,152.8,519.52,5212,
17.04.2013,customer,27,87,,209.2,711.28,10397,
17.04.2013,customer,70,85,,108,367.2,12660,
20.04.2013,customer,32,89,,120,408,451,
21.04.2013,customer,41,93,,120,408,23449,
21.04.2013,customer,134,92,,820,2788,37985,
21.04.2013,customer,163,95,,100,340,27245,
21.04.2013,customer,163�,94,,100,340,2236,
24.04.2013,customer,103,97,,600,2040,82438,
27.04.2013,customer,158,98,,52.8,179.52,1849,
28.04.2013,customer,94,102,,200,680,28805,
28.04.2013,customer,96,103,,450,1530,57625,
04.05.2013,customer,48,107,,336,1142.4,23773,
04.05.2013,customer,69,108,,200,680,89255,
11.05.2013,customer,15.16,114,,248,843.2,14170,
11.05.2013,customer,92,111,,40,136,3670,
15.05.2013,customer,1,117,,120,408,2100,
15.05.2013,customer,115,120,,40,136,3560,
18.05.2013,customer,27,124,,281.2,956.08,11100,
18.05.2013,customer,103,128,,16.4,55.76,2105,
18.05.2013,customer,103,132,,180,612,82888,
18.05.2013,customer,137,130,,40,136,250,
18.05.2013,customer,156,125,,40,136,2430,
19.05.2013,customer,23,136,,12,40.8,4214,
19.05.2013,customer,38,141,,222,754.8,5650,
19.05.2013,customer,55,139,,79.2,269.28,4369,
19.05.2013,customer,58,147,,90,306,3311,
19.05.2013,customer,67,135,,226.8,771.12,5779,
19.05.2013,customer,73,144,,93.6,318.24,5164,
19.05.2013,customer,162,148,,277,941.8,30947,
22.05.2013,customer,30,156,,259.2,881.28,3468,
22.05.2013,customer,41,154,,128,435.2,23769,
22.05.2013,customer,81,153,,80,272,2000,
22.05.2013,customer,82,151,,40,136,5800,
25.05.2013,customer,94,159,,80,272,29005,
25.05.2013,customer,134,158,,292,992.8,38715,
26.05.2013,customer,2,161,,4,13.6,158,
26.05.2013,customer,132,164,,50,170,348,
28.05.2013,customer,69,�-�,,232,788.8,89835,
01.06.2013,customer,96,170,,150,510,58000,
01.06.2013,customer,102,166,,22.4,76.16,896,
01.06.2013,customer,104,168,,92,312.8,3157,
05.06.2013,customer,15.16,172,,222.8,757.52,14727,
08.06.2013,customer,47,182,,40,136,108,
08.06.2013,customer,48,183,,46,156.4,23888,
08.06.2013,customer,59,179,,20,68,720,
08.06.2013,customer,101,178,,104.4,354.96,4736,
08.06.2013,customer,114,186,,32,108.8,1970,
08.06.2013,customer,118,180,,80,272,2190,
09.06.2013,customer,7,193,,40,136,2080,
09.06.2013,customer,7,193,,360,1224,900,
09.06.2013,customer,24,195,,40,136,3482,
09.06.2013,customer,93,188,,196.4,667.76,8711,
19.06.2013,customer,27,198,,205.6,699.04,11614,
19.06.2013,customer,41,202,,140,476,24119,
19.06.2013,customer,77,200,,80,272,3840,
19.06.2013,customer,162,199,,120,408,31247,
22.06.2013,customer,96,209,,500,1700,59250,
22.06.2013,customer,104,208,,80,272,3357,
22.06.2013,customer,106,204,,80,272,3960,
22.06.2013,customer,159,213,,104,353.6,6560,
22.06.2013,customer,163,210,,100,340,27495,
22.06.2013,customer,163�,211,,100,340,2486,
23.06.2013,customer,8.9,216,,17.6,59.84,636,
23.06.2013,customer,70,223,,188,639.2,13130,
23.06.2013,customer,94,214,,80,272,29205,
23.06.2013,customer,103,219,,208,707.2,83408,
23.06.2013,customer,109,229,,35.6,121.04,2194,
23.06.2013,customer,115,221,,64,217.6,3720,
23.06.2013,customer,134,225,,200,680,39215,
26.06.2013,customer,15.16,236,,42.8,145.52,14834,
26.06.2013,customer,67,239,,244,829.6,6389,
26.06.2013,customer,107,233,,34.8,118.32,1903,
26.06.2013,customer,111,231,,72,244.8,1330,
29.06.2013,customer,19,241,,490,1666,11033,
29.06.2013,customer,21,244,,435.6,1481.04,23076,
29.06.2013,customer,73,249,,86,292.4,5379,
29.06.2013,customer,89,246,,30,102,182,
03.07.2013,customer,61,258,,41.6,141.44,1657,
03.07.2013,customer,69,263,,920,3128,92135,
03.07.2013,customer,100,259,,400,1360,9500,
03.07.2013,customer,158,261,,64.8,220.32,2011,
06.07.2013,customer,23,268,,140,476,4564,
06.07.2013,customer,88,264,,40,136,162,
06.07.2013,customer,105,275,,116,394.4,2826,
06.07.2013,customer,126,277,,300,1020,2100,
06.07.2013,customer,64�,270,,90,306,6200,
07.07.2013,customer,28,304,,8,27.2,176,
07.07.2013,customer,34.35,288,,60,204,1074,
07.07.2013,customer,37,290,,80,272,2432,
07.07.2013,customer,38,307,,276,938.4,6340,
07.07.2013,customer,57,296,,140,476,1000,
07.07.2013,customer,72,283,,8,27.2,280,
07.07.2013,customer,121,297,,170.4,579.36,4176,
07.07.2013,customer,128,301,,20,68,2000,
07.07.2013,customer,156,292,,50,170,2555,
13.07.2013,customer,68,318,,800,2720,5300,
13.07.2013,customer,79,324,,728,2475.2,10700,
13.07.2013,customer,132,322,,50,170,473,
14.07.2013,customer,2,328,,4,13.6,168,
14.07.2013,customer,15.16,340,,195.2,663.68,15322,
14.07.2013,customer,29,331,,122.8,417.52,4760,
14.07.2013,customer,67,343,,104.4,354.96,6650,
14.07.2013,customer,85,344,,104.8,356.32,3402,
14.07.2013,customer,91,334,,48,163.2,1317,
14.07.2013,customer,153,337,,81.2,276.08,700,
17.07.2013,customer,10,358,,2,6.8,1550,
17.07.2013,customer,27,350,,198.8,675.92,12111,
17.07.2013,customer,41,357,,200,680,24619,
17.07.2013,customer,70,348,,360,1224,14030,
17.07.2013,customer,77,354,,152,516.8,4220,
17.07.2013,customer,92,355,,120,408,3970,
17.07.2013,customer,111,359,,100,340,1580,
17.07.2013,customer,115,351,,68,231.2,3890,
20.07.2013,customer,69,371,,600,2040,93635,
20.07.2013,customer,71,367,,200,680,4697,
20.07.2013,customer,86,362,,30,102,1341,
20.07.2013,customer,109,364,,54.4,184.96,2330,
20.07.2013,customer,134,368,,12,40.8,39245,
20.07.2013,customer,163,370,,100,340,27745,
20.07.2013,customer,163�,369,,100,340,2736,
21.07.2013,customer,48,376,,90.8,308.72,24115,
21.07.2013,customer,55,374,,168.4,572.56,4790,
21.07.2013,customer,94,372,,280,952,29905,
21.07.2013,customer,103,380,,181.6,617.44,83862,
24.07.2013,customer,96,382,,300,1020,60000,
24.07.2013,customer,99,385,,150,510,2750,
27.07.2013,customer,112,392,,80,272,1126,
27.07.2013,customer,113,391,,40,136,100,
27.07.2013,customer,117,390,,17.6,59.84,454,
27.07.2013,customer,156,388,,60,204,2705,
28.07.2013,customer,104,405,,142.4,484.16,3713,
31.07.2013,customer,3,413,,360.8,1226.72,5593,
31.07.2013,customer,34.35,410,,130,442,1399,
31.07.2013,customer,58,414,,400,1360,4311,
31.07.2013,customer,101,419,,248,843.2,1340,
31.07.2013,customer,101,420,,92.4,314.16,4967,
03.08.2013,customer,73,424,,59.2,201.28,5527,
03.08.2013,customer,97,422,,42.8,145.52,000107 (���),
03.08.2013,customer,97,422,,40,136,000108 (�����),
04.08.2013,customer,71,430,,90,306,4922,
04.08.2013,customer,94,429,,200,680,30405,
07.08.2013,customer,21,433,,478,1625.2,24271,
07.08.2013,customer,154,434,,160,544,2600,
07.08.2013,customer,159,437,,160,544,6960,
10.08.2013,customer,37,442,,70,238,2607,
11.08.2013,customer,105,450,,112.8,383.52,3108,
11.08.2013,customer,122,445,,339.6,1154.64,1900,
14.08.2013,customer,20,457,,792,2692.8,7225,
14.08.2013,customer,102,451,,16,54.4,936,
14.08.2013,customer,108,455,,80,272,1167,
17.08.2013,customer,27,462,,237.6,807.84,12705,
17.08.2013,customer,61,471,,124.8,424.32,1969,
17.08.2013,customer,67,475,,140,476,7000,
17.08.2013,customer,69,474,,600,2040,95135,
17.08.2013,customer,70,459,,408,1387.2,15050,
17.08.2013,customer,81,470,,100,340,2250,
17.08.2013,customer,109,469,,36,122.4,2420,
17.08.2013,customer,115,467,,80,272,4090,
17.08.2013,customer,163,465,,150,510,28120,
17.08.2013,customer,163�,464,,150,510,3111,
18.08.2013,customer,24,488,,41.2,140.08,3585,
18.08.2013,customer,32,496,,40,136,551,
18.08.2013,customer,41,483,,200,680,25119,
18.08.2013,customer,57,498,,280,952,1700,
18.08.2013,customer,106,503,,350,1190,4565,
18.08.2013,customer,114,491,,100,340,2220,
18.08.2013,customer,121,502,,184,625.6,4636,
18.08.2013,customer,132,486,,52,176.8,603,
18.08.2013,customer,151,477,,1707.2,5804.48,21905,
18.08.2013,customer,151,499,,500,1700,23155,
18.08.2013,customer,156,494,,60,204,2855,
21.08.2013,customer,59,513,,120,408,1640,
21.08.2013,customer,62,507,,160,544,680,
21.08.2013,customer,96,511,,200,680,60500,
21.08.2013,customer,101,515,,53.2,180.88,5100,
21.08.2013,customer,103,508,,200,680,84362,
21.08.2013,customer,134,505,,80.4,273.36,39446,
21.08.2013,customer,143,521,,567.2,1928.48,1700,
21.08.2013,customer,144,520,,20,68,450,
24.08.2013,customer,23,526,,200,680,5064,
24.08.2013,customer,34.35,524,,104,353.6,1659,
24.08.2013,customer,100,522,,455.2,1547.68,10638,
25.08.2013,customer,8.9,529,,29.6,100.64,710,
25.08.2013,customer,15.16,528,,550.4,1871.36,16698,
25.08.2013,customer,17,533,,236,802.4,1091,
25.08.2013,customer,117,532,,8,27.2,474,
28.08.2013,customer,75,538,,120,408,7673,
28.08.2013,customer,111,535,,136,462.4,1920,
31.08.2013,customer,58,551,,448.8,1525.92,5433,
31.08.2013,customer,71,548,,200,680,5422,
31.08.2013,customer,104,547,,22.8,77.52,3770,
31.08.2013,customer,116,550,,14,47.6,1018,
31.08.2013,customer,119,542,,12,40.8,58,
01.09.2013,customer,87,559,,546,1856.4,2592,
01.09.2013,customer,117,554,,10.4,35.36,500,
04.09.2013,customer,41,570,,200,680,25619,
04.09.2013,customer,47,572,,8.8,29.92,130,
04.09.2013,customer,73,569,,50,170,5652,
04.09.2013,customer,105,567,,90,306,3333,
07.09.2013,customer,118,575,,120,408,2490,
08.09.2013,customer,14,580,,217.6,739.84,796,
08.09.2013,customer,38,583,,800,2720,8340,
08.09.2013,customer,48,577,,95.2,323.68,24353,
11.09.2013,customer,26,589,,16,54.4,480,
11.09.2013,customer,37,587,,30,102,2682,
11.09.2013,customer,95,585,,40,136,300,
14.09.2013,customer,27,592,,193.6,658.24,13189,
14.09.2013,customer,162,595,,850,2890,33371,
18.09.2013,customer,61,609,,52.4,178.16,2100,
18.09.2013,customer,70,596,,320,1088,15850,
18.09.2013,customer,96,601,,200,680,61000,
18.09.2013,customer,109,610,,89.6,304.64,2644,
18.09.2013,customer,111,605,,64,217.6,2080,
18.09.2013,customer,115,600,,80,272,4290,
21.09.2013,customer,15.16,628,,128.8,437.92,17020,
21.09.2013,customer,19,630,,500,1700,12283,
21.09.2013,customer,59,622,,176,598.4,2080,
21.09.2013,customer,79,617,,600,2040,12200,
21.09.2013,customer,88,618,,80,272,00277(�������� 00377),
21.09.2013,customer,92,620,,200,680,4470,
21.09.2013,customer,101,624,,60,204,5250,
21.09.2013,customer,103,613,,240,816,84962,
21.09.2013,customer,121,615,,68,231.2,4806,
21.09.2013,customer,134,626,,80,272,39646,039633 ����
21.09.2013,customer,134,627,,100,340,251,
22.09.2013,customer,58,635,,186.8,635.12,5900,
22.09.2013,customer,93,631,,590.8,2008.72,10188,
22.09.2013,customer,106,633,,20,68,4845,
25.09.2013,customer,67,639,,113.2,384.88,7283,
25.09.2013,customer,69,636,,200,680,95635,
25.09.2013,customer,163,638,,100,340,28370,
25.09.2013,customer,163�,637,,100,340,3361,
28.09.2013,customer,32,647,,40,136,651,
28.09.2013,customer,43,646,,4,13.6,1445,
28.09.2013,customer,117,641,,10.8,36.72,527,
28.09.2013,customer,128,649,,40,136,2100,
29.09.2013,customer,114,655,,54,183.6,2355,
29.09.2013,customer,132,651,,50,170,728,
05.10.2013,customer,1,656,,1360,4624,5500,
05.10.2013,customer,66,659,,7.6,25.84,3805,
12.10.2013,customer,27,664,,300,1020,13939,
12.10.2013,customer,34.35,665,,32,108.8,1739,
12.10.2013,customer,41,660,,140,476,25969,
12.10.2013,customer,100,662,,220,748,11188,
12.10.2013,customer,108,669,,20,68,1217,
13.10.2013,customer,73,670,,138,469.2,5997,
13.10.2013,customer,115,673,,48,163.2,4410,
13.10.2013,customer,163,674,,200,680,28870,
16.10.2013,customer,70,675,,100,340,16100,
19.10.2013,customer,23,680,,90,306,5289,
19.10.2013,customer,67,678,,263.6,896.24,7942,
20.10.2013,customer,8.9,683,,20,68,760,
20.10.2013,customer,84,687,,20,68,350,
20.10.2013,customer,92,684,,280,952,5170,
20.10.2013,customer,96,691,,400,1360,62000,
20.10.2013,customer,109,694,,30.4,103.36,2720,
20.10.2013,customer,110.111,690,,60,204,2230,
20.10.2013,customer,128,692,,70,238,2275,
20.10.2013,customer,162,681,,120,408,33671,
23.10.2013,customer,30,696,,100.8,342.72,3720,
23.10.2013,customer,69,699,,200,680,96135,
23.10.2013,customer,103,698,,400,1360,85962,
26.10.2013,customer,61,701,,10.4,35.36,2126,
26.10.2013,customer,132,702,,56,190.4,868,
27.10.2013,customer,134,705,,446.8,1519.12,1368,
30.10.2013,customer,15.16,708,,200,680,17520,
30.10.2013,customer,159,709,,120,408,7260,
06.11.2013,customer,27,726,,600,2040,15439,
07.11.2013,customer,117,����,,10.8,36.72,554,
09.11.2013,customer,2,712,,24.8,84.32,230,
09.11.2013,customer,77,711,,172,584.8,4650,
10.11.2013,customer,70,719,,100,340,16350,
10.11.2013,customer,81,722,,200,680,2750,
10.11.2013,customer,104,720,,80,272,3970,
16.11.2013,customer,73,725,,165.2,561.68,6410,
17.11.2013,customer,23,735,,20,68,5339,
17.11.2013,customer,25,734,,8,27.2,170,
17.11.2013,customer,55,731,,100.8,342.72,5042,
17.11.2013,customer,103,728,,200,680,86462,
17.11.2013,customer,162,727,,538,1829.2,35016,
23.11.2013,customer,15.16,738,,90,306,17745,
23.11.2013,customer,20,739,,254.8,866.32,7862,
23.11.2013,customer,41,737,,120,408,26269,
23.11.2013,customer,89,740,,66.8,227.12,349,
24.11.2013,customer,58,747,,129.6,440.64,6224,
24.11.2013,customer,96,744,,180.8,614.72,61226; ��� �� 001226,
24.11.2013,customer,102,746,,20,68,986,
24.11.2013,customer,120,743,,50,170,4931,
24.11.2013,customer,134,742,,554.8,1886.32,2755,
30.11.2013,customer,132,748,,50,170,993,
07.12.2013,customer,109,751,,19.2,65.28,2768,
08.12.2013,customer,110.111,753,,40,136,2330,
09.12.2013,customer,117,����,,10.8,36.72,581,
14.12.2013,customer,23,754,,40,136,5439,
14.12.2013,customer,70,755,,200,680,16850,
14.12.2013,customer,94,757,,400,1360,436,
14.12.2013,customer,127,760,,4,13.6,,
15.12.2013,customer,27,761,,400,1360,16439,
15.12.2013,customer,41,762,,120,408,26569,
21.12.2013,customer,1,764,,50,170,5612,
21.12.2013,customer,15.16,766,,22,74.8,17800,
21.12.2013,customer,69,763,,500,1700,97385,
21.12.2013,customer,93,767,,136,462.4,10528,
21.12.2013,customer,96,769,,621.6,2113.44,2780,
21.12.2013,customer,162,770,,344,1169.6,35876,
22.12.2013,customer,90,775,,120,408,330,
22.12.2013,customer,96,771,,120,408,3080,
22.12.2013,customer,103,777,,680,2312,88165,
22.12.2013,customer,132,772,,44,149.6,1102,
22.12.2013,customer,134,774,,876.8,2981.12,4947,
28.12.2013,customer,48,779,,500,1700,25603,
28.12.2013,customer,70,778,,100,340,17100,
29.12.2013,customer,58,781,,110.4,375.36,6500,
29.12.2013,customer,97,782,,36.8,125.12,200,
08.01.2014,customer,117,����,,10.8,36.72,608,
12.01.2014,customer,162,2,,800,2720,37876,
18.01.2014,customer,27,4,,700,2380,18189,
18.01.2014,customer,41,5,,120,408,26869,
18.01.2014,customer,94,3,,400,1360,1436,
18.01.2014,customer,96,7,,600,2040,4580,
18.01.2014,customer,103,6,,680,2312,89865,
25.01.2014,customer,69,8,,200,680,97885,
25.01.2014,customer,134,9,,991.6,3371.44,7426,
26.01.2014,customer,58,10,,40,136,6600,
26.01.2014,customer,132,11,,38.4,130.56,1199,
08.02.2014,customer,102,12,,36,122.4,1076,
15.02.2014,customer,27,14,,597.6,2031.84,19683,
15.02.2014,customer,41,15,,160,544,27269,
22.02.2014,customer,69,18,,500,1700,99135,
22.02.2014,customer,92,20,,80,272,5370,
22.02.2014,customer,93,16,,40,136,10628,
22.02.2014,customer,94,17,,600,2040,2936,
22.02.2014,customer,103,19,,880,2992,92065,
23.02.2014,customer,96,22,,900,3060,6830,
23.02.2014,customer,132,21,,40,136,1299,
23.02.2014,customer,143,23,,385.6,1311.04,2664,
01.03.2014,customer,134,24,,1176.8,4001.12,10368,
02.03.2014,customer,58,26,,153.6,522.24,6984,
02.03.2014,customer,110.111,25,,20,68,2380,
15.03.2014,customer,27,30,,700,2380,21433,
15.03.2014,customer,41,29,,240,816,27869,
15.03.2014,customer,81,34,,100,340,3000,
15.03.2014,customer,94,31,,600,2040,4436,
15.03.2014,customer,106,28,,66,224.4,5050,
22.03.2014,customer,27,38,,290,986,22158,
22.03.2014,customer,27,39,,600,2040,23658,
22.03.2014,customer,117,35,,40,136,762,
22.03.2014,customer,134,40,,600,2040,11868,
23.03.2014,customer,103,46,,600,2040,93565,
29.03.2014,customer,70,50,,400,1360,18100,
30.03.2014,customer,132,52,,34,115.6,1384,
05.04.2014,customer,116,54,,14,47.6,1053,
06.04.2014,customer,71,58,,200,680,5922,
12.04.2014,customer,93,60,,43.2,146.88,10736,
12.04.2014,customer,103,59,,300,1020,94315,
13.04.2014,customer,162,61,,130,442,38200,
19.04.2014,customer,41,64,,160,544,28269,
19.04.2014,customer,69,68,,300,1020,99385,
19.04.2014,customer,94,62,,240,816,5036,
19.04.2014,customer,96,67,,600,2040,8330,
20.04.2014,customer,15.16,71,,200,680,18300,
23.04.2014,customer,159,73,,120,408,7560,
26.04.2014,customer,102,2,,100,100,1157,
01.05.2014,customer,107,9,,135.2,459.68,2241,
04.05.2014,customer,73,14,,300,300,6520,
04.05.2014,customer,132,15,,150,150,1505,
04.05.2014,customer,134,13,,1600,1600,13158,
10.05.2014,customer,41,19,,100,100,28349,
10.05.2014,customer,115,17,,200,200,4570,
10.05.2014,customer,127,22,,210,210,210,
11.05.2014,customer,38,24,,1000,1000,9147,
11.05.2014,customer,109,25,,100,100,2848,
17.05.2014,customer,61,26,,50,50,2171,
18.05.2014,customer,27,33,,600,600,4208,
18.05.2014,customer,94,32,,720,720,5636,
18.05.2014,customer,103,38,,600,600,94815,
18.05.2014,customer,162,40,,2400,2400,40200,
18.05.2014,customer,163,37,,600,600,29370,
18.05.2014,customer,163�,36,,600,600,3861,
24.05.2014,customer,68,42,,250,250,5508,
24.05.2014,customer,69,41,,500,500,99801,
25.05.2014,customer,14,45,,120,120,896,
25.05.2014,customer,55,50,,100,100,5125,
25.05.2014,customer,88,43,,120,120,477,
25.05.2014,customer,104,48,,400,400,4303,
25.05.2014,customer,132,49,,100,100,1588,
31.05.2014,customer,101,51,,200,200,5416,
31.05.2014,customer,134,52,,1200,1200,14158,
01.06.2014,customer,41,53�,,200,200,28516,
01.06.2014,customer,91,54,,500,500,1734,
01.06.2014,customer,117,53,,100,100,845,
07.06.2014,customer,73,62,,300,300,6902,
07.06.2014,customer,93,57,,500,500,11153,
07.06.2014,customer,110.111,60,,420,420,2370,
07.06.2014,customer,143,63,,1000,1000,3497,
08.06.2014,customer,67,73,,672,672,8502,
08.06.2014,customer,92,69,,240,240,5570,
08.06.2014,customer,123.124,72,,150,150,1935,
15.06.2014,customer,2,80,,50,50,271,
15.06.2014,customer,27,77,,500,500,24624,
15.06.2014,customer,162,79,,600,600,40700,
21.06.2014,customer,1,82,,800,800,6200,
21.06.2014,customer,23,85,,100,100,5512,
21.06.2014,customer,24,84,,70,70,3636,
22.06.2014,customer,61,94,,108,108,2250,
22.06.2014,customer,103,92,,680,680,95315,
22.06.2014,customer,115,89,,272,272,4770,
22.06.2014,customer,118,90,,1360,1360,22190,
29.06.2014,customer,3,115,,910,910,6248,
29.06.2014,customer,55,110,,523,523,5509,
29.06.2014,customer,55,111,,33,33,,
29.06.2014,customer,58,108,,166,166,7106,
29.06.2014,customer,81,107,,204,204,3150,
29.06.2014,customer,82,112,,272,272,6000,
29.06.2014,customer,94,103,,408,408,5936,
29.06.2014,customer,99,117,,890,890,3404,
29.06.2014,customer,109,96,,50,50,2885,
29.06.2014,customer,132,99,,105,105,1665,
05.07.2014,customer,41,123,,952,952,29216,
05.07.2014,customer,68,131,,500,500,5667,
05.07.2014,customer,69,129,,2923,2923,101950,
05.07.2014,customer,70,119,,272,272,18300,
06.07.2014,customer,2,137,,42,42,302,
06.07.2014,customer,37,144,,340,340,2932,
06.07.2014,customer,87,153,,394.4,394.4,2882,
06.07.2014,customer,96,147,,1000,1000,9066,
06.07.2014,customer,102,149,,2.2,2.2,1182,
06.07.2014,customer,102,150,,31.8,31.8,1182,
06.07.2014,customer,105,151,,119.68,119.68,3421,
06.07.2014,customer,156,140,,204,204,3005,
06.07.2014,customer,159,143,,149.6,149.6,7670,
12.07.2014,customer,42,156,,378,378,,
12.07.2014,customer,85,159,,1512,1512,4482,
12.07.2014,customer,114,161�,,175,175,2483,
13.07.2014,customer,15.16,168,,1162.8,1162.8,19155,
13.07.2014,customer,19,170,,2040,2040,13783,
13.07.2014,customer,38,172,,680,680,9647,
13.07.2014,customer,110.111,167,,476,476,3080,
19.07.2014,customer,27,179,,500,500,24992,
19.07.2014,customer,50.51,195,,13.6,13.6,30,
19.07.2014,customer,61,188,,88.4,88.4,2315,
19.07.2014,customer,67,191,,728,728,9037,
19.07.2014,customer,92,180,,272,272,5770,
19.07.2014,customer,93,185,,383,383,11431,
19.07.2014,customer,96,176,,3123,3123,11362,
19.07.2014,customer,103,193,,272,272,95515,
19.07.2014,customer,109,190,,88.4,88.4,2950,
19.07.2014,customer,115,186,,272,272,4970,
20.07.2014,customer,8.9,199,,13.6,13.6,770,
23.07.2014,customer,21,205,,1253,1253,23971,
23.07.2014,customer,162,203,,530,530,41141,
26.07.2014,customer,89,207,,414.4,414.4,645,
26.07.2014,customer,134,211,,1400,1400,15158,
26.07.2014,customer,163,212,,600,600,29811,
26.07.2014,customer,163�,213,,600,600,4302,
27.07.2014,customer,41,215,,408,408,29516,
30.07.2014,customer,21,219,,3235.6,3235.6,26282,
30.07.2014,customer,100,218,,700,700,11688,
02.08.2014,customer,34.35,223,,194.48,194.48,1882,
02.08.2014,customer,55,225,,722.16,722.16,6040,
02.08.2014,customer,88,221,,272,272,677,
02.08.2014,customer,117,227,,192,192,986,
03.08.2014,customer,69,244,,1500,1500,103053,
03.08.2014,customer,104,235,,408,408,4603,
03.08.2014,customer,110.111,234,,272,272,272,
03.08.2014,customer,121,239,,329,329,5173,
03.08.2014,customer,132,243,,150,150,1775,
09.08.2014,customer,129,251,,782.6,782.6,559,
09.08.2014,customer,137,248,,70,70,301,
10.08.2014,customer,73,256,,272,272,7102,
10.08.2014,customer,130,257,,136,136,421,
16.08.2014,customer,105,259,,462,462,3751,
17.08.2014,customer,2,275,,95.2,95.2,372,
17.08.2014,customer,27,266,,989,989,25719,
17.08.2014,customer,41,270,,408,408,29816,
17.08.2014,customer,109,263,,119,119,3037,
17.08.2014,customer,115,269,,272,272,5170,
17.08.2014,customer,122,281,,430,430,2216,
17.08.2014,customer,133,282,,68,68,50,
17.08.2014,customer,153,280,,98,98,772,
17.08.2014,customer,159,272,,272,272,7870,
23.08.2014,customer,67,285,,779.28,779.28,9610,
23.08.2014,customer,94,284,,544,544,6336,
24.08.2014,customer,21,306,,680,680,26782,
24.08.2014,customer,38,295,,888.08,888.08,10300,
24.08.2014,customer,91,303,,238,238,1909,
24.08.2014,customer,103,305,,408,408,95815,
24.08.2014,customer,143,300,,340,340,3747,
24.08.2014,customer,144,299,,136,136,550,
28.08.2014,customer,100,307,,280,280,11888,
30.08.2014,customer,45,317,,200,200,777,
30.08.2014,customer,57,333,,136,136,1800,
30.08.2014,customer,59,322,,450,450,2413,
30.08.2014,customer,61,315,,175.44,175.44,2444,
30.08.2014,customer,69,329,,800,800,103641,
30.08.2014,customer,70,309,,272,272,18500,
30.08.2014,customer,88,319,,394.4,394.4,967,
30.08.2014,customer,101,320,,350,350,5672,
30.08.2014,customer,114,311,,308.72,308.72,2710,
30.08.2014,customer,154,325,,1200,1200,3600,
30.08.2014,customer,162,328,,1387.2,1387.2,42161,
31.08.2014,customer,14,339,,761.6,761.6,1456,
31.08.2014,customer,15.16,337,,605.2,605.2,19600,
31.08.2014,customer,75,335,,680,680,8173,
07.09.2014,customer,68,344,,1000,1000,6402,
07.09.2014,customer,132,346,,178,178,1906,
07.09.2014,customer,163,345�,,644,644,30271,
13.09.2014,customer,8.9,352,,60,60,1050,
13.09.2014,customer,47,348,,154,154,240,
13.09.2014,customer,108,349,,140,140,1317,
14.09.2014,customer,73,362,,209.44,209.44,7256,
14.09.2014,customer,92,363,,408,408,6070,
14.09.2014,customer,93,355,,771.12,771.12,11998,
14.09.2014,customer,110.111,360,,299.2,299.2,3500,
14.09.2014,customer,115,357,,272,272,5370,
14.09.2014,customer,143,366,,408,408,4047,
14.09.2014,customer,144,365,,68,68,600,
17.09.2014,customer,67,367,,484.16,484.16,9966,
21.09.2014,customer,7.49,273,,204,204,1050,
21.09.2014,customer,20,385,,1399.44,1399.44,8891,
21.09.2014,customer,20,386,,617.44,617.44,9345,
21.09.2014,customer,37,281,,408,408,3232,
21.09.2014,customer,41,277,,232,232,30016,
21.09.2014,customer,96,270,,1278.4,1278.4,12302,
21.09.2014,customer,117,275,,100,100,1060,
21.09.2014,customer,162,284,,516.8,516.8,42541,
27.09.2014,customer,109,393,,214.88,214.88,3195,
28.09.2014,customer,14,399,,342,342,1707,
28.09.2014,customer,59,411,,119,119,2500,
28.09.2014,customer,73,408,,108.8,108.8,7336,
28.09.2014,customer,101,413,,270,270,5870,
28.09.2014,customer,103,448,,281.52,281.52,96022,
28.09.2014,customer,104,450,,300,300,4823,
28.09.2014,customer,106,396,,408,408,5350,
28.09.2014,customer,112,410,,400,400,1420,
28.09.2014,customer,113,409,,300,300,321,
28.09.2014,customer,121,445,,144.16,144.16,5279,
28.09.2014,customer,128,405,,325.04,325.04,2514,
28.09.2014,customer,159,400,,272,272,8070,
01.10.2014,customer,23,457,,258.4,258.4,5702,
01.10.2014,customer,28,454,,136,136,276,
01.10.2014,customer,61,458,,90,90,2510,
01.10.2014,customer,70,451,,272,272,18700,
02.10.2014,customer,19,517,,800,800,14283,
05.10.2014,customer,27,459,,1000,1000,26454,
05.10.2014,customer,32,466,,136,136,751,
05.10.2014,customer,69,469,,2000,2000,105112,
05.10.2014,customer,72,465,,11,11,288,
05.10.2014,customer,132,461,,110.16,110.16,1987,
12.10.2014,customer,38,478,,1255.28,1255.28,11223,
12.10.2014,customer,41,473,,272,272,30216,
12.10.2014,customer,84,480,,68,68,400,
12.10.2014,customer,94,470,,680,680,6836,
12.10.2014,customer,163,475,,488,488,30630,
15.10.2014,customer,67,485,,486.88,486.88,10324,
18.10.2014,customer,115,490,,272,272,5570,
19.10.2014,customer,57,494,,150,150,1910,
19.10.2014,customer,134,495,,1360,1360,15158,
19.10.2014,customer,137,497,,680,680,801,
25.10.2014,customer,92,503,,408,408,6370,
26.10.2014,customer,70,508,,408,408,19000,
26.10.2014,customer,103,506,,508.64,508.64,96396,
29.10.2014,customer,127,513,,100.64,100.64,284,
08.11.2014,customer,162,519,,1760,1760,43641,
09.11.2014,customer,67,526,,2000,2000,11723,
09.11.2014,customer,67,527,,238.4,238.4,11723,
09.11.2014,customer,96,524,,2144,2144,13642,
09.11.2014,customer,105,522,,1699.2,1699.2,4813,
09.11.2014,customer,121,523,,376,376,5514,
09.11.2014,customer,129,528,,304,304,749,
09.11.2014,customer,132,525,,160,160,2087,
15.11.2014,customer,41,530,,640,640,30616,
15.11.2014,customer,71,531,,480,480,6222,
15.11.2014,customer,110.111,529,,560,560,3850,
16.11.2014,customer,14,534,,2000,2000,2957,
16.11.2014,customer,27,535,,1457.6,1457.6,27365,
16.11.2014,customer,61,537,,110.4,110.4,2579,
16.11.2014,customer,69,536,,1500,1500,106049,
16.11.2014,customer,70,533,,320,320,19200,
22.11.2014,customer,134,538,,3000,3000,17033,
23.11.2014,customer,55,546,,555.2,555.2,6387,
23.11.2014,customer,92,542,,640,640,6770,
23.11.2014,customer,94,539,,1120,1120,7536,
23.11.2014,customer,103,549,,640,640,96796,
23.11.2014,customer,104,548,,149,149,4916,
23.11.2014,customer,115,540,,960,960,6170,
30.11.2014,customer,91,552,,785.6,785.6,2400,
30.11.2014,customer,132,551,,104,104,2152,
06.12.2014,customer,121,560,,241.6,241.6,5665,
06.12.2014,customer,140,558,,880,880,550,
07.12.2014,customer,27,563,,4049.6,4049.6,29896,
07.12.2014,customer,88,561,,440,440,1242,
11.12.2014,customer,130,567,,1500,1500,1358,
14.12.2014,customer,14,588,,2256,2256,4367,
14.12.2014,customer,40,579,,1500,1500,3232,
14.12.2014,customer,41,578,,640,640,31016,
14.12.2014,customer,69,582,,1600,1600,107049,
14.12.2014,customer,96,590,,1500,1500,14579,
14.12.2014,customer,96,591,,1000,1000,15204,
14.12.2014,customer,99,587,,529.6,529.6,3735,
14.12.2014,customer,102,577,,169.6,169.6,616,
14.12.2014,customer,115,573,,912,912,6750,
20.12.2014,customer,23,595,,160,160,5989,
20.12.2014,customer,70,593,,3200,3200,21200,
21.12.2014,customer,94,600�,,1600,1600,8536,
21.12.2014,customer,103,600,,1400,1400,97671,
21.12.2014,customer,132,598,,91,91,2209,
28.12.2014,customer,3,664,,285,285,6406,
28.12.2014,customer,14,623,,2683.04,2683.04,6003,
28.12.2014,customer,14,657,,2907,2907,7618,
28.12.2014,customer,15.16,605,,400,400,19850,
28.12.2014,customer,15.16,640,,425,425,20086,
28.12.2014,customer,27,627,,1387.44,1387.44,30742,
28.12.2014,customer,27,639,,3269,3269,32558,
28.12.2014,customer,41,614,,984,984,31616,
28.12.2014,customer,41,636,,720,720,32016,
28.12.2014,customer,48,617,,1577.68,1577.68,26565,
28.12.2014,customer,67,626,,1538.32,1538.32,12661,
28.12.2014,customer,69,637,,8000,8000,111493,
28.12.2014,customer,70,648,,180,180,21300,
28.12.2014,customer,70,649,,180,180,21400,
28.12.2014,customer,81,662,,810,810,3600,
28.12.2014,customer,93,621,,993.84,993.84,,
28.12.2014,customer,94,630,,2460,2460,10036,
28.12.2014,customer,94,670,,2160,2160,11236,
28.12.2014,customer,103,628,,1326.76,1326.76,98480,
28.12.2014,customer,103,629,,72.16,72.16,98524,
28.12.2014,customer,103,661,,1700,1700,99468,
28.12.2014,customer,124,624,,841.32,841.32,2448,
28.12.2014,customer,129,632,,1804,1804,1849,
28.12.2014,customer,129,633,,200,200,1971,
28.12.2014,customer,130,666,,1000,1000,1913,
28.12.2014,customer,132,668,,224,224,2333; ��� ��� ��,
28.12.2014,customer,134,601,,5254.4,5254.4,20317,
28.12.2014,customer,134,631,,4400.12,4400.12,23000,
28.12.2014,customer,134,656,,7488,7488,27160,
28.12.2014,customer,144,613,,660.92,660.92,4450,
28.12.2014,customer,162,612,,4999.99,4999.99,46671,
17.01.2015,customer,134,1,,5254.4,5254.4,,
18.01.2015,customer,14,19,,2683.04,2683.04,6003,
18.01.2015,customer,27,23,,1387.44,1387.44,30742,
18.01.2015,customer,41,10,,984,984,31616,
18.01.2015,customer,48,13,,1577.68,1577.68,26565,
18.01.2015,customer,67,22,,1538.32,1538.32,12661,
18.01.2015,customer,93,17,,993.84,993.84,12604,
18.01.2015,customer,94,26,,2460,2460,10036,
18.01.2015,customer,103,24,,1326.76,1326.76,98480,
18.01.2015,customer,103,25,,72.16,72.16,98524,
18.01.2015,customer,124,20,,841.32,841.32,2448,
18.01.2015,customer,129,28,,1804,1804,1849,
18.01.2015,customer,129,29,,200,200,1971,
18.01.2015,customer,134,27,,4400.12,4400.12,23000,
18.01.2015,customer,144,9,,660.92,660.92,4450,
18.01.2015,customer,162,8,,4999.99,4999.99,46671,
12.02.2015,customer,15.16,36,,425,425,20086,
12.02.2015,customer,27,35,,3269,3269,32558,
12.02.2015,customer,41,33,,720,720,32016,
12.02.2015,customer,69,34,,8000,8000,111493,
22.02.2015,customer,3,60,,285,285,6406,
22.02.2015,customer,14,53,,2907,2907,7618,
22.02.2015,customer,70,44,,180,180,21300,
22.02.2015,customer,70,45,,180,180,21400,
22.02.2015,customer,81,58,,810,810,3600,
22.02.2015,customer,94,66,,2160,2160,11236,
22.02.2015,customer,103,57,,1700,1700,99468,
22.02.2015,customer,130,62,,1000,1000,1913,
22.02.2015,customer,132,64,,224,224,2333,
22.02.2015,customer,134,52,,7488,7488,27160,
19.03.2015,customer,27,83,,4149,4149,34863,
19.03.2015,customer,67,71,,2016,2016,13781,
19.03.2015,customer,69,84,,7000,7000,,
19.03.2015,customer,96,70,,1999.8,1999.8,1999,80
19.03.2015,customer,102,77,,162,162,706,
19.03.2015,customer,130,75,,1499.4,1499.4,2476,
19.03.2015,customer,132,74,,129.6,129.6,72,
24.03.2015,customer,41,85,,720,720,32416,
24.03.2015,customer,89,87,,58,58,677,
24.03.2015,customer,103,86,,1300,1300,100190,
28.03.2015,customer,94,93,,2160,2160,12436,
06.04.2015,customer,14,95,,2870,2870,9212,
06.04.2015,customer,69,96,,7000,7000,119271 ��� ��� ��,
18.04.2015,customer,132,1,,201.6,201.6,184,
20.04.2015,customer,27,2,,4000,4000,37085,
20.04.2015,customer,96,7,,1300,1300,,
20.04.2015,customer,134,6,,3562,3562,29139,
27.04.2015,customer,41,8,,540,540,32716,
27.04.2015,customer,103,13,,1656,1656,101091,
30.04.2015,customer,117,16,,180,180,1160,
05.05.2015,customer,11,29,,180,180,100,
05.05.2015,customer,73,25,,385,385,7550,
05.05.2015,customer,94,28,,1800,1800,13436,
05.05.2015,customer,163,19,,2106,2106,31800,
18.05.2015,customer,27,39,,1000,1000,37640,
18.05.2015,customer,93,43,,637,637,12958,
18.05.2015,customer,96,38,,2000,2000,18148,
18.05.2015,customer,104,42,,260,260,5060,
18.05.2015,customer,132,36,,126,126,254,
22.05.2015,customer,41,47,,360,360,32916,
22.05.2015,customer,59,49,,2815.2,2815.2,12787,
25.05.2015,customer,2,57,,108,108,,
25.05.2015,customer,25,60,,18,18,180,
25.05.2015,customer,82,51,,180,180,�� 100 ���,
25.05.2015,customer,94,56,,360,360,13636,
25.05.2015,customer,103,54,,900,900,101591,
31.05.2015,customer,55,62,,259.2,259.2,6531,
02.06.2015,customer,14,64,,2048.4,2048.4,10350,
02.06.2015,customer,61,65,,37.8,37.8,2600,
02.06.2015,customer,92,67,,360,360,6970,
08.06.2015,customer,111,72,,630,630,4200,
08.06.2015,customer,132,71,,134,134,348,
08.06.2015,customer,159,74,,900,900,8570,
15.06.2015,customer,93,77,,300,300,13124,
15.06.2015,customer,134,81,,3600,3600,311----,
15.06.2015,customer,158,78,,216,216,2131,
17.06.2015,customer,100,85,,549,549,12193,
22.06.2015,customer,23,99,,162,162,6079,
22.06.2015,customer,61,90,,159,159,2688,
22.06.2015,customer,69,95,,1200,1200,667,
22.06.2015,customer,73,87,,432,432,7790,
22.06.2015,customer,81,101,,900,900,4100,
22.06.2015,customer,94,100,,360,360,13836,
22.06.2015,customer,96,88,,2000,2000,19259,
22.06.2015,customer,103,94,,267,267,101739,
22.06.2015,customer,114,96,,432,432,2950,
22.06.2015,customer,119,93,,40,40,80,
29.06.2015,customer,20,119,,735,735,9758,
29.06.2015,customer,41,111,,999,999,,
29.06.2015,customer,46,106,,360,360,200,
29.06.2015,customer,47,104,,849.6,849.6,712,
29.06.2015,customer,67,125,,5406,5406,16784,
29.06.2015,customer,71,116,,36,36,6242,
29.06.2015,customer,108,122,,180,180,1417,
29.06.2015,customer,118,109,,450,450,22438,
29.06.2015,customer,129,124,,4000,4000,4193,
29.06.2015,customer,129,126,,1500,1500,5027,
29.06.2015,customer,162,114,,6480,6480,3600,
06.07.2015,customer,28,129,,3090.88,3090.88,2703,
06.07.2015,customer,38,132,,2535.52,2535.52,14006,
06.07.2015,customer,59,138,,624,624,14,
06.07.2015,customer,85,145,,913,913,4921,
06.07.2015,customer,88,135,,728,728,1592,
06.07.2015,customer,101,141,,346,346,6036,
06.07.2015,customer,132,144,,175,175,432,
13.07.2015,customer,2,171,,52,52,457,
13.07.2015,customer,19,160,,1000,1000,,
13.07.2015,customer,21,147,,4014.4,4014.4,28712,
13.07.2015,customer,41,163,,416,416,33616,
13.07.2015,customer,67,153,,755.04,755.04,17147,
13.07.2015,customer,102,158,,1893,1893,1616,
13.07.2015,customer,121,183,,252,252,,
13.07.2015,customer,130,150,,4072.64,4072.64,4704,
13.07.2015,customer,137,156,,624,624,1101,
13.07.2015,customer,156,165,,208,208,3105,
13.07.2015,customer,158,178,,347,347,2298,
20.07.2015,customer,27,232,,999,999,38120,
20.07.2015,customer,55,226,,464,464,,
20.07.2015,customer,61,211,,224.64,224.64,,
20.07.2015,customer,94,220,,416,416,140326,
20.07.2015,customer,103,218,,624,624,102039,
20.07.2015,customer,105,243,,350,350,,
20.07.2015,customer,109,222,,71,71,,
20.07.2015,customer,111,207,,832,832,,
20.07.2015,customer,139,237,,275,275,,
20.07.2015,customer,143,200,,208,208,,
20.07.2015,customer,163,233,,1040,1040,,
27.07.2015,customer,23,271,,416,416,,
27.07.2015,customer,48,268,,2704,2704,,
27.07.2015,customer,58,284,,2933,2933,,
27.07.2015,customer,69,283,,1602,1602,1437,
27.07.2015,customer,96,287,,1290,1290,19879,
27.07.2015,customer,115,277,,208,208,,
27.07.2015,customer,116,256,,275,275,1150,
29.07.2015,customer,122,290,,457.6,457.6,2436,
03.08.2015,customer,15.16,313,,208,208,20186,
03.08.2015,customer,42,297,,451.36,451.36,3400,
03.08.2015,customer,92,307,,249.6,249.6,,
03.08.2015,customer,99,326,,426.4,426.4,3940,
03.08.2015,customer,100,303,,638.56,638.56,12500,
03.08.2015,customer,114,316,,314.08,314.08,3101,
03.08.2015,customer,159,320,,624,624,8870,
10.08.2015,customer,14,342,,1153,1153,10904,
10.08.2015,customer,15.16,331,,1298,1298,20810,
10.08.2015,customer,88,348,,978,978,2062,
10.08.2015,customer,109,362,,196,196,3323,
10.08.2015,customer,134,369,,1136,1136,31685,
10.08.2015,customer,162,346,,2411,2411,4759,
17.08.2015,customer,20,374,,1220.96,1220.96,10345,
17.08.2015,customer,27,385,,5000,5000,405523,
17.08.2015,customer,41,390,,624,624,3916,
17.08.2015,customer,59,395,,1040,1040,3300,
17.08.2015,customer,67,379,,890.24,890.24,17575,
17.08.2015,customer,87,392,,1858,1858,4481,
17.08.2015,customer,89,386,,156,156,752,
17.08.2015,customer,101,394,,163,163,6114,
17.08.2015,customer,102,376,,894.4,894.4,2046,
17.08.2015,customer,106,402,,1279,1279,,
17.08.2015,customer,132,381,,166.4,166.4,512,
24.08.2015,customer,69,419,,3000,3000,2879,
24.08.2015,customer,77,406,,771.68,771.68,5021,
24.08.2015,customer,85,439,,1548,1548,5665,
24.08.2015,customer,94,428,,832,832,,
24.08.2015,customer,96,422,,624,624,20179,
24.08.2015,customer,103,436,,936,936,102489,
24.08.2015,customer,105,416,,312,312,5131,
24.08.2015,customer,128,411,,3248.96,3248.96,1562,
24.08.2015,customer,137,435,,1456,1456,1801,
24.08.2015,customer,153,417,,32,32,787,
24.08.2015,customer,163,425,,832,832,32700,
27.08.2015,customer,73,446,,339.04,339.04,8085,
27.08.2015,customer,111,443,,416,416,4800,
31.08.2015,customer,7,458,,1456,1456,,
31.08.2015,customer,8.9,450,,41.6,41.6,810,
31.08.2015,customer,19,455,,1947,1947,15700,
31.08.2015,customer,30,460,,730,730,3720,
31.08.2015,customer,61,466,,435,435,3005,
31.08.2015,customer,88,453,,708,708,2402,
31.08.2015,customer,104,470,,350,350,5228,
07.09.2015,customer,15.16,483,,395,395,21000,
07.09.2015,customer,104,487,,899,899,5660,
07.09.2015,customer,119,474,,42,42,100,
07.09.2015,customer,124,478,,624,624,2748,
07.09.2015,customer,132,477,,125,125,512,
10.09.2015,customer,55,488,,854.88,854.88,7165,
10.09.2015,customer,130,491,,534.56,534.56,4961,
14.09.2015,customer,67,505,,734.24,734.24,17928,
14.09.2015,customer,121,496,,651.04,651.04,6099,
21.09.2015,customer,23,510,,312,312,6429,
21.09.2015,customer,41,525,,624,624,34216,
21.09.2015,customer,47,514,,495,495,950,
21.09.2015,customer,61,517,,77,77,3042,
21.09.2015,customer,93,520,,2793.44,2793.44,14467,
21.09.2015,customer,103,526,,208,208,102589,
27.09.2015,customer,69,543,,2080,2080,3879,
27.09.2015,customer,71,537,,441,441,6454,
27.09.2015,customer,96,531,,550,550,20443,
27.09.2015,customer,115,528,,208,208,6950,
27.09.2015,customer,118,527,,2000,2000,24625,
27.09.2015,customer,143,532,,1040,1040,�� 500 ���,
27.09.2015,customer,144,533,,416,416,�� 200 ���,
27.09.2015,customer,163,540,,832,832,32700,
27.09.2015,customer,163�,539,,208,208,4402,
30.09.2015,customer,34.35,545,,526.24,526.24,2135,
05.10.2015,customer,38,562,,11736,11736,19648,
05.10.2015,customer,94,553,,832,832,14836,
05.10.2015,customer,106,550,,624,624,6265,
05.10.2015,customer,111,554,,520,520,5050,
12.10.2015,customer,2,582,,104,104,507,
12.10.2015,customer,73,563,,339.04,339.04,8248,
12.10.2015,customer,108,566,,208,208,1517,
12.10.2015,customer,112,570,,293.28,293.28,622,
12.10.2015,customer,113,571,,332.8,332.8,481,
12.10.2015,customer,158,578,,156,156,2373,
12.10.2015,customer,162,567,,4870,4870,7100,
19.10.2015,customer,41,594,,624,624,34516,
19.10.2015,customer,61,597,,127,127,3103,
19.10.2015,customer,67,590,,1445.6,1445.6,18623,
19.10.2015,customer,96,598,,1192,1192,21016,
19.10.2015,customer,102,586,,682.14,682.14,2374,
19.10.2015,customer,118,584,,2549,2549,24625,
19.10.2015,customer,132,593,,396,396,762,
19.10.2015,customer,134,595,,1646,1646,32476,
26.10.2015,customer,67,600,,499.5,499.5,823,
26.10.2015,customer,103,602,,1040,1040,103089,
26.10.2015,customer,115,606,,416,416,7150,
26.10.2015,customer,117,601,,218.4,218.4,1376,
26.10.2015,customer,156,604,,104,104,,
02.11.2015,customer,23,610,,499.2,499.2,6669,
02.11.2015,customer,84,609,,124,124,460,
09.11.2015,customer,11,616,,2288,2288,1200,
09.11.2015,customer,14,617,,2675,2675,12190,
09.11.2015,customer,15.16,613,,832,832,21400,
09.11.2015,customer,94,614,,1248,1248,15436,
16.11.2015,customer,41,619,,624,624,34816,
16.11.2015,customer,67,620,,5139.68,5139.68,21094,
16.11.2015,customer,109,623,,239,239,3438,
16.11.2015,customer,129,624,,3120,3120,6527,
23.11.2015,customer,56,632,,20.8,20.8,10,
23.11.2015,customer,59,629,,104,104,3350,
23.11.2015,customer,61,635,,56,56,3130,
23.11.2015,customer,69,636,,2997.28,2997.28,5320,
23.11.2015,customer,72,638,,665.6,665.6,608,
23.11.2015,customer,92,639,,416,416,7290,1000
23.11.2015,customer,96,625,,1040,1040,21516,
23.11.2015,customer,101,626,,104,104,6164,
23.11.2015,customer,121,630,,994,994,6577,
28.11.2015,customer,103,641,,1684.8,1684.8,103899,
30.11.2015,customer,162,643,,12272,12272,13000,
07.12.2015,customer,23,649,,395,395,6859,
07.12.2015,customer,88,652,,673.92,673.92,2726,
07.12.2015,customer,93,648,,645,645,14777,
07.12.2015,customer,132,651,,119,119,819,
14.12.2015,customer,67,662,,6934.72,6934.72,24428,
14.12.2015,customer,102,661,,271,271,2504,
14.12.2015,customer,129,663,,4160,4160,8527,
21.12.2015,customer,27,672,,788.32,788.32,40902,
21.12.2015,customer,41,673,,416,416,35016,
21.12.2015,customer,94,674,,2080,2080,16436,
21.12.2015,customer,103,679,,1456,1456,104599,
21.12.2015,customer,116,670,,62,62,1180,
21.12.2015,customer,154,675,,551.2,551.2,3865,
28.12.2015,customer,8.9,685,,104,104,860,
28.12.2015,customer,14,688,,2853,2853,13562,
28.12.2015,customer,48,683,,1040,1040,28365,
28.12.2015,customer,96,689,,2467,2467,2467,
28.12.2015,customer,162,682,,5740.8,5740.8,15760,
11.01.2016,customer,11,695,,3102,3102,2700,
11.01.2016,customer,69,694,,4425.52,4425.52,7460,
18.01.2016,customer,27,697,,2957.24,2957.24,42332,
18.01.2016,customer,41,698,,413.6,413.6,35216,
18.01.2016,customer,67,696,,9510.73,9510.73,29027,
25.01.2016,customer,103,704,,2481.6,2481.6,105799,
25.01.2016,customer,162,701,,8513.95,8513.95,19877,
01.02.2016,customer,15.16,708,,827.2,827.2,21800,
01.02.2016,customer,93,705,,272.98,272.98,14909,
01.02.2016,customer,94,709,,3102,3102,17936,
01.02.2016,customer,96,706,,2481.6,2481.6,23902,
01.02.2016,customer,132,707,,448.76,448.76,1036,
15.02.2016,customer,67,711,,7248.8,7248.8,,
15.02.2016,customer,129,713,,6204,6204,11527,
15.02.2016,customer,137,710,,998.4,998.4,,
24.02.2016,customer,27,714,,3457.7,3457.7,44004,
24.02.2016,customer,41,715,,413.6,413.6,35416,
24.02.2016,customer,103,716,,2988.26,2988.26,107244,
24.02.2016,customer,117,717,,258.5,258.5,1501,
29.02.2016,customer,130,720,,490.12,490.12,652,
29.02.2016,customer,132,719,,231.62,231.62,2106,
29.02.2016,customer,162,721,,8112.76,8112.76,23800,
09.03.2016,customer,89,738,,103.4,103.4,802,
09.03.2016,customer,94,745,,2688.4,2688.4,19236,
09.03.2016,customer,134,755,,2068,2068,33476,
09.03.2016,customer,163,751,,206.8,206.8,32800,
14.03.2016,customer,11,770,,3102,3102,4200,
14.03.2016,customer,37,761,,2489.87,2489.87,,
14.03.2016,customer,41,768,,413.6,413.6,35616,
14.03.2016,customer,81,764,,998.84,998.84,4583,
14.03.2016,customer,102,775,,310.2,310.2,2654,
14.03.2016,customer,129,776,,6204,6204,14527,
21.03.2016,customer,3,789,,620.4,620.4,6706,
21.03.2016,customer,27,795,,3472.17,3472.17,45683,
21.03.2016,customer,37,784,,2000,2000,5402,
28.03.2016,customer,67,816,,6390.12,6390.12,35600,
28.03.2016,customer,93,809,,119.94,119.94,14967,
28.03.2016,customer,103,813,,3102,3102,1500,
11.04.2016,customer,26,844,,206.8,206.8,�� 100 ���,
11.04.2016,customer,88,845,,88,88,3206,
11.04.2016,customer,129,838,,6204,6204,17527,
11.04.2016,customer,130,823,,1985.28,1985.28,1612,
18.04.2016,customer,11,865,,3102,3102,,
18.04.2016,customer,27,851,,2998.6,2998.6,47133,
18.04.2016,customer,67,874,,5170,5170,,
18.04.2016,customer,69,864,,3980.9,3980.9,9385,
18.04.2016,customer,73,866,,457.03,457.03,,
18.04.2016,customer,94,849,,2068,2068,20236,
18.04.2016,customer,132,861,,155.1,155.1,1223,
18.04.2016,customer,159,855,,1447.6,1447.6,9570,
25.04.2016,customer,41,885,,620.4,620.4,,
25.04.2016,customer,103,875,,2068,2068,2500,
25.04.2016,customer,162,887,,8311.29,8311.29,,
04.05.2016,customer,132,891,,155.1,155.1,,
10.05.2016,customer,47,894,,620.4,620.4,,
10.05.2016,customer,48,898,,1809.5,1809.5,29240,
10.05.2016,customer,104,902,,801.9,801.9,6047,
16.05.2016,customer,15.16,909,,529.11,529.11,22056,
16.05.2016,customer,94,910,,1034,1034,20736,
16.05.2016,customer,134,911,,2068,2068,34476,
23.05.2016,customer,14,931,,8141.72,8141.72,17499,
23.05.2016,customer,73,927,,428.08,428.08,8676,
23.05.2016,customer,103,939,,1240.8,1240.8,3100,
23.05.2016,customer,112,933,,113.74,113.74,1515,
23.05.2016,customer,115,923,,413.6,413.6,7350,
23.05.2016,customer,129,921,,6204,6204,20527,
30.05.2016,customer,87,956,,1639.92,1639.92,5274,
30.05.2016,customer,96,941,,8000,8000,(3869 ���) 27771,
30.05.2016,customer,121,950,,1433.12,1433.12,7270,
30.05.2016,customer,132,949,,207,207,1398,
06.06.2016,customer,2,980,,124.08,124.08,567,
06.06.2016,customer,41,977,,827.2,827.2,36316,
06.06.2016,customer,55,990,,136.49,136.49,,
06.06.2016,customer,61,985,,24.82,24.82,3142,
06.06.2016,customer,68,966,,3612.8,3612.8,8149,
06.06.2016,customer,94,983,,620.4,620.4,21036,
06.06.2016,customer,102,971,,413.6,413.6,2854,
13.06.2016,customer,67,1003,,926.46,926.46,38848,
13.06.2016,customer,109,999,,41.36,41.36,3458,
20.06.2016,customer,93,1020,,961.62,961.62,15432,
20.06.2016,customer,110.111,1011,,517,517,5300,
20.06.2016,customer,115,1016,,413.6,413.6,7550,
20.06.2016,customer,118,1007,,796.18,796.18,25010,
20.06.2016,customer,130,1014,,1985.28,1985.28,2572,
20.06.2016,customer,137,1013,,992.64,992.64,2761,
27.06.2016,customer,7,1038,,1584,1584,2550,
27.06.2016,customer,14,1040,,628.67,628.67,17803,
27.06.2016,customer,20,1053,,1662.68,1662.68,,
27.06.2016,customer,34.35,1028,,138.56,138.56,2202,
27.06.2016,customer,37,1027,,5130.71,5130.71,7883,
27.06.2016,customer,38,1048,,5691.14,5691.14,22400,
27.06.2016,customer,103,1024,,1034,1034,3670,
27.06.2016,customer,105,1047,,889.24,889.24,5561,
27.06.2016,customer,163,1046,,1615.11,1615.11,33581,
27.06.2016,customer,163�,1045,,206.8,206.8,4502,
01.07.2016,customer,30,�\�,,2700,2700,,
04.07.2016,customer,58,�\�,,1912,1912,9757 ???,
04.07.2016,customer,59,1076,,386.08,386.08,3511,
04.07.2016,customer,88,1059,,1366.86,1366.86,3376,
04.07.2016,customer,92,1069,,479.6,479.6,7490,
04.07.2016,customer,101,1079,,431.64,431.64,,
04.07.2016,customer,106,1060,,803.33,803.33,6600,
04.07.2016,customer,109,1067,,67.15,67.15,3486,
04.07.2016,customer,129,1065,,3597,3597,22027,
04.07.2016,customer,132,1062,,287.76,287.76,1518,
11.07.2016,customer,41,1100,,959.2,959.2,36716,
11.07.2016,customer,57,1096,,1090,1090,2410,
11.07.2016,customer,67,1102,,788.94,788.94,39177,
11.07.2016,customer,73,1093,,544.35,544.35,8903,
11.07.2016,customer,85,1089,,774.56,774.56,323,
11.07.2016,customer,94,1092,,719.4,719.4,,
11.07.2016,customer,162,1086,,5875.1,5875.1,4714,
18.07.2016,customer,1,1121,,1002.37,1002.37,6617,
18.07.2016,customer,34.35,1103,,163.07,163.07,2270,
18.07.2016,customer,102,1114,,1199,1199,3354,
18.07.2016,customer,114,1126,,887.26,887.26,3471,
18.07.2016,customer,116,1111,,119.9,119.9,1230,
18.07.2016,customer,122,1108,,640.3,640.3,2688,
18.07.2016,customer,143,1124,,1199,1199,5147,
25.07.2016,customer,61,1141,,326.13,326.13,3278,
27.07.2016,customer,103,1144,,822.14,822.14,4017,
01.08.2016,customer,19,1163,,2398,2398,16700,
01.08.2016,customer,20,1177,,1218.19,1218.19,11687,
01.08.2016,customer,28,1166,,1889.63,1889.63,3491,
01.08.2016,customer,55,1156,,757.77,757.77,,
01.08.2016,customer,62,1162,,479.6,479.6,880,
01.08.2016,customer,73,1188,,199.04,199.04,8986,
01.08.2016,customer,94,1146,,719.4,719.4,21363,
01.08.2016,customer,104,1151,,839.3,839.3,6397,
01.08.2016,customer,118,1155,,1527.53,1527.53,25647,
01.08.2016,customer,132,1153,,247,247,1621,
01.08.2016,customer,156,1159,,191.84,191.84,3235,
01.08.2016,customer,159,1172,,1390.84,1390.84,10150,
01.08.2016,customer,159,1173,,1199,1199,10650,
08.08.2016,customer,8.9,1207,,119.9,119.9,910,
08.08.2016,customer,15.16,1209,,1376.46,1376.46,,
08.08.2016,customer,38,1211,,8153.2,8153.2,25800,
08.08.2016,customer,96,1191,,2297.27,2297.27,28729,
08.08.2016,customer,109,1193,,544.35,544.35,3713,
08.08.2016,customer,110.111,1218,,479.6,479.6,5500,
08.08.2016,customer,112,1216,,71.94,71.94,,
08.08.2016,customer,113,1217,,359.7,359.7,772,
08.08.2016,customer,115,1204,,954.7,954.7,7950,
08.08.2016,customer,163,1202,,719.4,719.4,35881,
08.08.2016,customer,163�,1201,,719.4,719.4,4802,
15.08.2016,customer,20,1234,,800.94,800.94,1202,
15.08.2016,customer,37,1227,,791.34,791.34,8213,
15.08.2016,customer,41,1235,,719.4,719.4,37016,
15.08.2016,customer,62,1224,,479.6,479.6,1080,
15.08.2016,customer,67,1228,,870.48,870.48,39540,
15.08.2016,customer,106,1219,,1110.28,1110.28,,
15.08.2016,customer,121,1229,,623.48,623.48,7530,
15.08.2016,customer,129,1226,,1199,1199,22527,
22.08.2016,customer,11,1269,,3397.97,3397.97,7117,
22.08.2016,customer,59,1264,,1124.67,1124.67,3980,
22.08.2016,customer,85,1256,,1040.74,1040.74,6422,
22.08.2016,customer,88,1242,,1438.8,1438.8,4376,
22.08.2016,customer,100,1253,,839.3,839.3,12850,
22.08.2016,customer,101,1262,,148.58,148.58,6406,
22.08.2016,customer,103,1268,,1846.46,1846.46,4787,
22.08.2016,customer,130,1259,,4995.04,4995.04,4655,
29.08.2016,customer,23,1271,,671.44,671.44,7139,
29.08.2016,customer,61,1273,,112.71,112.71,3325,
29.08.2016,customer,69,1278,,1266.15,1266.15,9913,
29.08.2016,customer,71,1282,,479.6,479.6,6654,
29.08.2016,customer,114,1279,,335.72,335.72,3611,
05.09.2016,customer,73,1300,,196.64,196.64,9068,
05.09.2016,customer,90,1303,,7.2,7.2,333,
05.09.2016,customer,109,1298,,199.04,199.04,7396,
05.09.2016,customer,132,1292,,191.84,191.84,1701,
13.09.2016,customer,1,1307,,124.8,124.8,6670,
13.09.2016,customer,93,1305,,2963.93,2963.93,16668,
19.09.2016,customer,21,1322,,1321.3,1321.3,29263,
19.09.2016,customer,47,1314,,2517.9,2517.9,2000,
19.09.2016,customer,67,1320,,681.04,681.04,39824,
19.09.2016,customer,94,1318,,959.2,959.2,22036,
19.09.2016,customer,96,1331,,1997.54,1997.54,29562,
19.09.2016,customer,102,1316,,1175.02,1175.02,,
19.09.2016,customer,110.111,1321,,479.6,479.6,5700,
19.09.2016,customer,113,1332,,923.23,923.23,,
19.09.2016,customer,115,1325,,479.6,479.6,8150,
26.09.2016,customer,14,1338,,1779.32,1779.32,18545,
26.09.2016,customer,41,1340,,719.4,719.4,37316,
26.09.2016,customer,73,1337,,196.64,196.64,9150,
26.09.2016,customer,79,1346,,1951.98,1951.98,13014,
26.09.2016,customer,92,1343,,239.8,239.8,7950,
26.09.2016,customer,103,1348,,479.6,479.6,4987,
26.09.2016,customer,163�,1345,,2028.71,2028.71,5647,
28.09.2016,customer,24,�\�,,842.4,842.4,3987-3636,
30.09.2016,customer,22,�\�,,720,720,300,
03.10.2016,customer,34.35,1351,,762.56,762.56,2588,
10.10.2016,customer,38,1357,,10071.6,10071.6,30000,
10.10.2016,customer,61,1354,,100.8,100.8,3367,
17.10.2016,customer,1,1363,,791.34,791.34,7000,
17.10.2016,customer,87,1365,,2067.08,2067.08,6136,
17.10.2016,customer,94,1369,,959.2,959.2,22436,
17.10.2016,customer,104,1374,,985.58,985.58,6808,
17.10.2016,customer,106,1366,,553.94,553.94,7294,
17.10.2016,customer,118,1372,,3304.45,3304.45,27025,
17.10.2016,customer,129,1368,,2398,2398,23527,
17.10.2016,customer,130,1362,,3002.3,3002.3,,
17.10.2016,customer,132,1371,,239.8,239.8,1801,
24.10.2016,customer,27,1380,,997.57,997.57,47549,
24.10.2016,customer,32,1382,,479.6,479.6,951,
24.10.2016,customer,67,1385,,2625.81,2625.81,40919,
24.10.2016,customer,81,1383,,999.97,999.97,5000,
24.10.2016,customer,88,1375,,1750.54,1750.54,5106,
24.10.2016,customer,110.111,1376,,1544.32,1544.32,6344,
24.10.2016,customer,115,1378,,263.78,263.78,8260,
24.10.2016,customer,130,1387,,2923.17,2923.17,7126,
31.10.2016,customer,37,1391,,529.96,529.96,8646,
31.10.2016,customer,41,1389,,479.6,479.6,37516,
31.10.2016,customer,41,1390,,479.6,479.6,37716,
31.10.2016,customer,46,1398,,302.15,302.15,326,
31.10.2016,customer,135,1393,,1438.8,1438.8,600,
31.10.2016,customer,153,1396,,199.04,199.04,870,
05.11.2016,customer,45,1401,,57.56,57.56,24,
07.11.2016,customer,23,1402,,719.4,719.4,7439,
07.11.2016,customer,75,1407,,3793.64,3793.64,9755,
07.11.2016,customer,75,1408,,2685.76,2685.76,10875,
07.11.2016,customer,121,1404,,911.24,911.24,7910,
07.11.2016,customer,129,1406,,2398,2398,24527,
21.11.2016,customer,67,1413,,7541.71,7541.71,44064,
21.11.2016,customer,88,1418,,1918.4,1918.4,5906,
21.11.2016,customer,94,1420,,1438.8,1438.8,23036,
21.11.2016,customer,103,1419,,997.57,997.57,5403,
21.11.2016,customer,108,1417,,239.8,239.8,1617,
28.11.2016,customer,93,1421,,2618.62,2618.62,17760,
28.11.2016,customer,110.111,1422,,2131.83,2131.83,7233,
28.11.2016,customer,129,1423,,4796,4796,26527,
05.12.2016,customer,14,1433,,3215.72,3215.72,19886,
05.12.2016,customer,37,1438,,2589.84,2589.84,9726,
05.12.2016,customer,43,1429,,95.92,95.92,1485,
05.12.2016,customer,69,1431,,2997.5,2997.5,11163,
05.12.2016,customer,88,1435,,1918.4,1918.4,6706,
05.12.2016,customer,92,1436,,2877.6,2877.6,1255,
05.12.2016,customer,96,1424,,498.79,498.79,29770,
05.12.2016,customer,96,1430,,2278.1,2278.1,30720,
05.12.2016,customer,132,1434,,407.66,407.66,1971,
05.12.2016,customer,134,1426,,5297.18,5297.18,36685,
05.12.2016,customer,162,1437,,6992.57,6992.57,7630,
12.12.2016,customer,11,1443,,3995.07,3995.07,8783,
12.12.2016,customer,15.16,1446,,887.26,887.26,23000,
12.12.2016,customer,37,1445,,1597.07,1597.07,10392,
12.12.2016,customer,41,1441,,1438.8,1438.8,3816,
12.12.2016,customer,94,1439,,2398,2398,24036,
12.12.2016,customer,130,1444,,2997.5,2997.5,8376,
19.12.2016,customer,27,1451,,7287.53,7287.53,3820,
19.12.2016,customer,48,1453,,369.3,369.3,29394,
19.12.2016,customer,67,1448,,9095.62,9095.62,47857,
19.12.2016,customer,89,1459,,294.96,294.96,925,
19.12.2016,customer,115,1457,,263.78,263.78,8370,
26.12.2016,customer,14,1463,,2239.74,2239.74,20820,
26.12.2016,customer,91,1472,,1424.42,1424.42,2994,
26.12.2016,customer,92,1461,,5515,5515,2300,
26.12.2016,customer,99,1468,,419.65,419.65,4110, ��� ��� �� 00005
26.12.2016,customer,110.111,1470,,4309.21,4309.21,9030,
26.12.2016,customer,130,1460,,1997.54,1997.54,9209,
26.12.2016,customer,162,1465,,14987.5,14987.5,13880,
09.01.2017,customer,94,1475,,3597,3597,25536,
16.01.2017,customer,27,1480,,4995.04,4995.04,5903,
16.01.2017,customer,37,1482,,1997.5,1997.5,11255,
16.01.2017,customer,41,1481,,1438.8,1438.8,38916,
16.01.2017,customer,67,1485,,7337.88,7337.88,50917,
16.01.2017,customer,88,1476,,4796,4796,,
16.01.2017,customer,102,1477,,959.2,959.2,4244,
16.01.2017,customer,103,1483,,2630.61,2630.61,6500,
16.01.2017,customer,134,1479,,6493.79,6493.79,39393,
23.01.2017,customer,129,1487,,4796,4796,28527,
23.01.2017,customer,132,1486,,239.8,239.8,2071,
30.01.2017,customer,88,1490,,3597,3597,10206,
30.01.2017,customer,110.111,1488,,2122.23,2122.23,9915,
30.01.2017,customer,112,1492,,119.9,119.9,1595,
30.01.2017,customer,113,1491,,359.7,359.7,1307,
30.01.2017,customer,130,1489,,4995.04,4995.04,11292,
06.02.2017,customer,15.16,1498,,841.5,841.5,23300,
06.02.2017,customer,92,1496,,3366,3366,4755,
06.02.2017,customer,94,1497,,4207.5,4207.5,27036,
06.02.2017,customer,96,1500,,4106.52,4106.52,32184,
06.02.2017,customer,132,1499,,280.5,280.5,2171,
06.02.2017,customer,137,1494,,1001.39,1001.39,3118,
06.02.2017,customer,163�,1495,,2841.47,2841.47,6661,
10.02.2017,customer,30,�/�,,550,550,,
20.02.2017,customer,27,1501,,4990.1,4990.1,7682,
20.02.2017,customer,41,1502,,841.5,841.5,39216,
20.02.2017,customer,88,1505,,4207.5,4207.5,11706,
20.02.2017,customer,93,1504,,440.39,440.39,17917,
20.02.2017,customer,129,1503,,981.75,981.75,28877,
21.02.2017,customer,11,1506,,5049,5049,,
27.02.2017,customer,67,1508,,4990.1,4990.1,52696,
27.02.2017,customer,103,1509,,1495.07,1495.07,7033,
27.02.2017,customer,107,1512,,148.67,148.67,2294,
27.02.2017,customer,130,1507,,4990.1,4990.1,12782,
06.03.2017,customer,2,1516,,617.1,617.1,787,
06.03.2017,customer,88,1521,,4207.5,4207.5,13206,
06.03.2017,customer,92,1513,,3366,3366,5955,
06.03.2017,customer,110.111,1519,,1164.08,1164.08,10330,
06.03.2017,customer,132,1522,,280.5,280.5,2271,
13.03.2017,customer,15.16,1525,,897.6,897.6,23620,
13.03.2017,customer,94,1523,,4207.5,4207.5,28532,
13.03.2017,customer,162,1524,,6987.26,6987.26,16371,
21.03.2017,customer,27,1528,,2992.94,2992.94,8749,
21.03.2017,customer,41,1527,,841.5,841.5,39516,
27.03.2017,customer,88,1531,,1402.5,1402.5,13706,
27.03.2017,customer,96,1532,,3150.02,3150.02,33307,
27.03.2017,customer,103,1533,,1402.5,1402.5,7533,
03.04.2017,customer,88,1536,,1402.5,1402.5,14206,
03.04.2017,customer,110.111,1534,,589.05,589.05,10540,
03.04.2017,customer,132,1537,,280.5,280.5,2371,
03.04.2017,customer,162,1535,,6987.26,6987.26,18862,
10.04.2017,customer,11,1543,,1994.35,1994.35,9494,
10.04.2017,customer,90,1546,,973.34,973.34,680,
10.04.2017,customer,92,1542,,3366,3366,7155,
10.04.2017,customer,94,1541,,2805,2805,29536,
10.04.2017,customer,158,1539,,227.2,227.2,2454,
18.04.2017,customer,27,1549,,2992.94,2992.94,9816,
18.04.2017,customer,88,1548,,1402.5,1402.5,14706,
18.04.2017,customer,96,1547,,894.8,894.8,33626,
24.04.2017,customer,103,1551,,1290.3,1290.3,7993,
24.04.2017,customer,121,1550,,2574.99,2574.99,8828,
02.05.2017,customer,41,1559,,1234.2,1234.2,39956,
02.05.2017,customer,67,1560,,7377.15,7377.15,55326,
02.05.2017,customer,75,1556,,5997.09,5997.09,13013,
02.05.2017,customer,110.111,1563,,561,561,10740,
02.05.2017,customer,129,1555,,1495.06,1495.06,29410,
10.05.2017,customer,93,1565,,589.05,589.05,18127,
10.05.2017,customer,94,1572,,2805,2805,30536,
10.05.2017,customer,132,1570,,300.14,300.14,2478,
10.05.2017,customer,137,1574,,1001.39,1001.39,3475,
15.05.2017,customer,11,1579,,2992.93,2992.93,12361,
15.05.2017,customer,14,1585,,3932.51,3932.51,22222,
15.05.2017,customer,15.16,1575,,645.15,645.15,23850,
15.05.2017,customer,27,1577,,1994.35,1994.35,10527,
15.05.2017,customer,28,1587,,715.28,715.28,3746,
15.05.2017,customer,73,1580,,572.22,572.22,9354,
15.05.2017,customer,88,1586,,1402.5,1402.5,15206,
22.05.2017,customer,92,1593,,2805,2805,8155,
22.05.2017,customer,96,1601,,1430.55,1430.55,34136,
22.05.2017,customer,103,1598,,1122,1122,8393,
22.05.2017,customer,115,1595,,897.6,897.6,8690,
29.05.2017,customer,41,1615,,841.5,841.5,40256,
29.05.2017,customer,61,1621,,50.49,50.49,3385,
29.05.2017,customer,70,1606,,280.5,280.5,21500,
29.05.2017,customer,89,1611,,328.19,328.19,1042,
29.05.2017,customer,110.111,1618,,550.8,550.8,,
29.05.2017,customer,137,1624,,841.5,841.5,3775,
29.05.2017,customer,156,1614,,420.75,420.75,3385,
11.06.2017,customer,23,1633,,925.65,925.65,7769,
11.06.2017,customer,67,1637,,2028.02,2028.02,56049,
11.06.2017,customer,163�,1635,,1284.69,1284.69,7119,
17.06.2017,customer,2,1652,,199.16,199.16,858,
17.06.2017,customer,27,1643,,2992.94,2992.94,11594,
17.06.2017,customer,106,1639,,1363.23,1363.23,7780,
17.06.2017,customer,127,1645,,980,980,,
18.06.2017,customer,20,1665,,7565.09,7565.09,14718,
18.06.2017,customer,73,1664,,594.66,594.66,9566,
18.06.2017,customer,94,1656,,1402.5,1402.5,31036,
18.06.2017,customer,96,1661,,1054.68,1054.68,34512,
18.06.2017,customer,103,1660,,1093.95,1093.95,8783,
18.06.2017,customer,132,1659,,589.05,589.05,2688,
18.06.2017,customer,159,1668,,1963.5,1963.5,11350,
24.06.2017,customer,46,1672,,204.77,204.77,399,
24.06.2017,customer,47,1670,,3337.95,3337.95,3190,
25.06.2017,customer,15.16,1678,,308.55,308.55,23960,
25.06.2017,customer,38,1685,,10889.01,10889.01,33882,
25.06.2017,customer,45,1682,,98.18,98.18,59,
25.06.2017,customer,88,1674,,2805,2805,16206,
01.07.2017,customer,32,1695,,561,561,1151,
01.07.2017,customer,102,1690,,1672,1672,4744,
01.07.2017,customer,110.111,1692,,420.75,420.75,11070,
02.07.2017,customer,55,1698,,504.9,504.9,7727,
02.07.2017,customer,158,1696,,690.03,690.03,2700,
10.07.2017,customer,38,1711,,4990.09,4990.09,35661,
10.07.2017,customer,41,1706,,1402.5,1402.5,40756,
10.07.2017,customer,62,1719,,420.75,420.75,1230,
10.07.2017,customer,109,1709,,417.9,417.9,3960,
10.07.2017,customer,118,1716,,1683,1683,27625,
10.07.2017,customer,129,1702,,1654.95,1654.95,30000,
10.07.2017,customer,154,1703,,2805,2805,4865,
10.07.2017,customer,64�,1714,,196.35,196.35,6270,
17.07.2017,customer,2,1732,,133.76,133.76,898,
17.07.2017,customer,21,1725,,2762.14,2762.14,30089,
17.07.2017,customer,27,1723,,1996.37,1996.37,12191,
17.07.2017,customer,59,1739,,595.23,595.23,4158,
17.07.2017,customer,73,1742,,468.16,468.16,9706,
17.07.2017,customer,88,1736,,1672,1672,16706,
17.07.2017,customer,96,1730,,1494.77,1494.77,34959,
17.07.2017,customer,101,1740,,1996.37,1996.37,7003,
17.07.2017,customer,104,1734,,1588.4,1588.4,7283,
17.07.2017,customer,115,1735,,1237.28,1237.28,9060,
17.07.2017,customer,121,1724,,1083.46,1083.46,9152,
17.07.2017,customer,162,1729,,5989.1,5989.1,20653,
22.07.2017,customer,23,1743,,1038.5,1038.5,8079,
22.07.2017,customer,34.35,1745,,998.3,998.3,2886,
23.07.2017,customer,37,1751,,5098.7,5098.7,12777,
23.07.2017,customer,61,1748,,763.8,763.8,3613,
23.07.2017,customer,67,1755,,5929.5,5929.5,57819,
23.07.2017,customer,92,1753,,1005,1005,8455,
29.07.2017,customer,88,1759,,1003.2,1003.2,17006,
29.07.2017,customer,94,1764,,1672,1672,31536,
29.07.2017,customer,105,1761,,501.6,501.6,5711,
29.07.2017,customer,114,1757,,750.4,750.4,3835,
29.07.2017,customer,156,1767,,501.6,501.6,3535,
29.07.2017,customer,163�,1768,,1220.56,1220.56,7484,
30.07.2017,customer,58,1776,,4490.99,4490.99,11100,
30.07.2017,customer,103,1770,,1969.62,1969.62,9372,
30.07.2017,customer,110,1774,,401.28,401.28,11190,
30.07.2017,customer,132,1771,,846.04,846.04,2941,
30.07.2017,customer,143,1775,,1672,1672,5647,
05.08.2017,customer,68,1790,,8390.1,8390.1,10658,
05.08.2017,customer,71,1780,,1471.36,1471.36,7094,
05.08.2017,customer,119,1787,,712.28,712.28,313,
06.08.2017,customer,42,1800,,2140.16,2140.16,4040,
06.08.2017,customer,132,1797,,672.15,672.15,3142,
06.08.2017,customer,158,1794,,735.68,735.68,2920,
14.08.2017,customer,41,1815,,1003.2,1003.2,41056,
14.08.2017,customer,67,1821,,595.23,595.23,57997,
14.08.2017,customer,81,1806,,1003.2,1003.2,5300,
14.08.2017,customer,87,1828,,3822.2,3822.2,7279,
14.08.2017,customer,102,1826,,1402.5,1402.5,5244,
14.08.2017,customer,129,1833,,1672,1672,30500,
14.08.2017,customer,159,1810,,1504.8,1504.8,11800,
21.08.2017,customer,15.16,1853,,1076.77,1076.77,24282,
21.08.2017,customer,61,1848,,478.2,478.2,3756,
21.08.2017,customer,77,1837,,367.88,367.88,5131,
21.08.2017,customer,85,1843,,3568.05,3568.05,7489,
21.08.2017,customer,105,1841,,688.8,688.8,5911,
21.08.2017,customer,109,1835,,785.84,785.84,4195,
21.08.2017,customer,115,1839,,902.88,902.88,9330,
22.08.2017,customer,22,�/�,,2144,2144,940,
26.08.2017,customer,1,1854,,1003.2,1003.2,300,
26.08.2017,customer,93,1857,,6299.81,6299.81,19984,
26.08.2017,customer,103,1861,,1989.68,1989.68,9967,
27.08.2017,customer,96,1867,,1494.77,1494.77,35406,
27.08.2017,customer,100,1870,,568.48,568.48,13020,
30.08.2017,customer,27,1874,,2993.88,2993.88,13086,
02.09.2017,customer,73,1876,,635.36,635.36,9896,
02.09.2017,customer,88,1882,,1672,1672,17506,
02.09.2017,customer,131,1879,,1003.2,1003.2,300,
03.09.2017,customer,94,1883,,1672,1672,32036,
03.09.2017,customer,110.111,1885,,568.48,568.48,11360,
03.09.2017,customer,117,1890,,508.29,508.29,1653,
03.09.2017,customer,132,1887,,1003.2,1003.2,3442,
09.09.2017,customer,20,1899,,5417.28,5417.28,16338,
09.09.2017,customer,47,1893,,1605.12,1605.12,3670,
09.09.2017,customer,57,1895,,577.6,577.6,2600 (�� 190 ���),������ ��� ������ 
09.09.2017,customer,66,1897,,15048,15048,4500,
09.09.2017,customer,131,1896,,2297.33,2297.33,987,
10.09.2017,customer,14,1900,,3588.12,3588.12,23295,
10.09.2017,customer,41,1905,,1003.2,1003.2,41356,
10.09.2017,customer,67,1907,,635.36,635.36,58187,
10.09.2017,customer,122,1904,,2347.49,2347.49,3330,
16.09.2017,customer,27,1913,,1996.47,1996.47,13683,
16.09.2017,customer,102,1909,,1672,1672,5744,
17.09.2017,customer,61,1920,,401.38,401.38,3876,
17.09.2017,customer,115,1917,,668.8,668.8,9530,
22.09.2017,customer,55,�/�,,753.92,753.92,7975 (�� 248 ���),������ ��� ������ !
23.09.2017,customer,23,1928,,1003.2,1003.2,8379,
23.09.2017,customer,70,1923,,668.8,668.8,21700,
23.09.2017,customer,88,1921,,836,836,17756,
23.09.2017,customer,96,1924,,1264.04,1264.04,35784,
23.09.2017,customer,103,1932,,989.83,989.83,10263,
23.09.2017,customer,106,1926,,3360.72,3360.72,8785,
23.09.2017,customer,108,1930,,334.4,334.4,1717,
23.09.2017,customer,129,1931,,1672,1672,31000,
24.09.2017,customer,7,1936,,501.6,501.6,2700,
24.09.2017,customer,30,1942,,1173.75,1173.75,05062-04711,
24.09.2017,customer,89,1939,,193.96,193.96,1100,
24.09.2017,customer,104,1943,,1494.77,1494.77,7730,
24.09.2017,customer,109,1933,,474.85,474.85,4337,
24.09.2017,customer,135,1937,,2340.8,2340.8,000700 (���������� ����� �������),
30.09.2017,customer,69,�/�,,2000,2000,597,
02.10.2017,customer,2,1965,,341.09,341.09,1000,
02.10.2017,customer,15.16,1968,,501.6,501.6,24432,
02.10.2017,customer,34.35,1967,,745.72,745.72,3109,
02.10.2017,customer,38,1969,,9981.84,9981.84,38646,
02.10.2017,customer,38,1970,,10001.91,10001.91,41637,
02.10.2017,customer,59,1947,,802.56,802.56,4398,
02.10.2017,customer,61,1959,,123.73,123.73,3913,
02.10.2017,customer,73,1955,,421.35,421.35,10022,
02.10.2017,customer,80,�/�,,669,669,�� 200 ���,
02.10.2017,customer,101,1946,,775.81,775.81,7235,
02.10.2017,customer,102,1949,,1672,1672,6244,
02.10.2017,customer,104,1971,,802.56,802.56,7970,
02.10.2017,customer,110.111,1951,,401.28,401.28,11480,
02.10.2017,customer,114,1961,,401.28,401.28,3955,
02.10.2017,customer,151,1954,,3491.14,3491.14,24199,
02.10.2017,customer,159,1957,,1070.08,1070.08,12120,
07.10.2017,customer,72,1983,,100.32,100.32,638,
08.10.2017,customer,92,1984,,1672,1672,8955,
08.10.2017,customer,94,1987,,1672,1672,32536,
08.10.2017,customer,158,1985,,846.04,846.04,3173,
14.10.2017,customer,67,1993,,832.66,832.66,58436,
14.10.2017,customer,115,1996,,668.8,668.8,9730,
14.10.2017,customer,121,1992,,434.72,434.72,9282,
14.10.2017,customer,143,1995,,1451.6,1451.6,6081,
15.10.2017,customer,73,1999,,324.37,324.37,10119,
15.10.2017,customer,104,2007,,401.28,401.28,8090,
15.10.2017,customer,132,2004,,902.88,902.88,3712,
15.10.2017,customer,163,2000,,4320.45,4320.45,37173,
15.10.2017,customer,163�,2001,,3277.12,3277.12,8464,
19.10.2017,customer,24,�/�,,1273,1273,004366-003987,
21.10.2017,customer,20,2014,,4554.53,4554.53,17700,
21.10.2017,customer,27,2012,,3193.52,3193.52,14638,
21.10.2017,customer,113,2010,,501.6,501.6,1457,
22.10.2017,customer,88,2015,,1693.59,1693.59,18063,
22.10.2017,customer,103,2019,,1063.4,1063.4,10581,
22.10.2017,customer,124,2018,,2514.69,2514.69,3500,
28.10.2017,customer,92,2021,,1672,1672,9455,
28.10.2017,customer,110.111,2024,,902.8,902.8,11750,
28.10.2017,customer,118,2022,,3063.11,3063.11,28541,
28.10.2017,customer,162,2023,,16967.46,16967.46,25727,
29.10.2017,customer,37,2028,,1431.24,1431.24,13205,
29.10.2017,customer,41,2027,,1672,1672,41856,
31.10.2017,customer,55,�/�,,291,291,8062,
05.11.2017,customer,88,2032,,1003.2,1003.2,18363,
05.11.2017,customer,102,2030,,802.56,802.56,6484,
05.11.2017,customer,132,2033,,953.04,953.04,3997,
11.11.2017,customer,3,2046,,4989.25,4989.25,8198,
11.11.2017,customer,48,2037,,421.35,421.35,29520,
11.11.2017,customer,67,2041,,932.98,932.98,58715,
11.11.2017,customer,94,2040,,2340.8,2340.8,33236,
11.11.2017,customer,115,2045,,668.8,668.8,9930,
11.11.2017,customer,121,2042,,1337.6,1337.6,9682,
11.11.2017,customer,134,2047,,2564.85,2564.85,40160,
12.11.2017,customer,112,2048,,133.76,133.76,1635,
12.11.2017,customer,113,2049,,334.4,334.4,1557,
12.11.2017,customer,129,2053,,1324.14,1324.14,31396,
18.11.2017,customer,15.16,2062,,595.24,595.24,24610,
18.11.2017,customer,27,2054,,2993.88,2993.88,15553,
18.11.2017,customer,38,2063,,1995.57,1995.57,42234,
18.11.2017,customer,92,2055,,2006.4,2006.4,10055,
18.11.2017,customer,93,2060,,2013.09,2013.09,20586,
18.11.2017,customer,116,2057,,100.33,100.33,1233; 00027,
25.11.2017,customer,110.111,2067,,1427.28,1427.28,12177,
25.11.2017,customer,130,2070,,1494.77,1494.77,13229,
26.11.2017,customer,23,2073,,1337.6,1337.6,8779,
26.11.2017,customer,88,2072,,1672,1672,18863,
26.11.2017,customer,103,2074,,1314.2,1314.2,10974,
02.12.2017,customer,92,2077,,668.8,668.8,10255,
03.12.2017,customer,132,2079,,1655.28,1655.28,4492,
11.12.2017,customer,14,2084,,4882.24,4882.24,24755,
11.12.2017,customer,38,2091,,996.52,996.52,42532,
11.12.2017,customer,41,2090,,2006.4,2006.4,42456,
11.12.2017,customer,46,2083,,1639,1639,889,
11.12.2017,customer,67,2088,,906.23,906.23,58986,
11.12.2017,customer,69,2093,,2002.77,2002.77,1197,
11.12.2017,customer,121,2089,,1705.44,1705.44,10192,
11.12.2017,customer,130,2087,,998.3,998.3,13527,
16.12.2017,customer,148,2096,,50.16,50.16,18,
17.12.2017,customer,27,2099,,2992.88,2992.88,16428,
17.12.2017,customer,30,2101,,337.75,337.75,5163,
17.12.2017,customer,91,2103,,5831.94,5831.94,4738,
17.12.2017,customer,94,2098,,2340.8,2340.8,33936,
23.12.2017,customer,92,2107,,668.8,668.8,10455,
23.12.2017,customer,103,2108,,1003.2,1003.2,11274,
23.12.2017,customer,110.111,2112,,1003.2,1003.2,12477,
23.12.2017,customer,162,2113,,3999.42,3999.42,26923,
24.12.2017,customer,37,2117,,1494.77,1494.77,13652,
24.12.2017,customer,106,2114,,167.2,167.2,8835,
26.12.2017,customer,107,2120,,1387.76,1387.76,,
30.12.2017,customer,11,2128,,10998.42,10998.42,15650,
30.12.2017,customer,20,2126,,4999.98,4999.98,19195,
30.12.2017,customer,43,2124,,548.42,548.42,1649,
30.12.2017,customer,66,2127,,9028.8,9028.8,7200,
30.12.2017,customer,88,2122,,5016,5016,20363,
30.12.2017,customer,130,2123,,2001,2001,14124,
